IMPORTAR,PRODUTO_ID_ORIGEM,NOME_ORIGINAL,NOME_PADRONIZADO,CODIGO_FABRICANTE,MARCA,CATEGORIA,UNIDADE,CUSTO_A_VISTA,CUSTO_FATURADO,PRECO_SUGERIDO,PRECO_MINIMO_CLIENTE,PRECO_VENDA,TIPO_PRECO,FONTE,CONFIANCA,STATUS_CONFERENCIA,DUPLICADO_DE,OBSERVACAO,STATUS_IMPORTACAO,IS_ACTIVE_NA_IMPORTACAO,CONDICAO_CUSTO,VIGENCIA_INICIO,ORIGEM_PRECO,PRECO_ORIGINAL,PRECO_CORRIGIDO,MOTIVO_CORRECAO,DECISAO_NECESSARIA,CODIGO_SISTEMA,PENDENCIAS_CADASTRO,CONFIANCA_ORIGEM_DJI,CATEGORIA_AGROTORK,CATEGORIA_ACAO,MARCA_ACAO,SOURCE_TYPE,SOURCE_BRAND,SOURCE_CATALOG,SOURCE_VERSION,SOURCE_REFERENCE,NCM,ICMS,PRECO_REVENDA_JR
SIM,DJI-001,DRONE AGRAS T100 + 3 BAT + CARREGADOR C12000,DRONE AGRAS T100 + 3 BAT + CARREGADOR C12000,,DJI,KIT DRONE,UN,161900,165500,,225000,,MINIMO_CLIENTE,DJI SUBDEALER V16.2,ALTA,OK,,confianca ALTA,IMPORTAR INATIVO - AGUARDA PRECO DE VENDA,NAO,AVISTA + FATURADO,2026-09-01,DJI SUBDEALER V16.2,,,,,DJI-001,CATEGORIA PENDENTE,ALTA,,CRIAR CATEGORIA: Drones,JA CADASTRADA,price_list,DJI,TABELA SUBDEALER,V16.2,PRODUTOS!DJI-001,,,
SIM,DJI-002,DRONE AGRAS T100 + 3 BAT + GERADOR D14000,DRONE AGRAS T100 + 3 BAT + GERADOR D14000,,DJI,KIT DRONE,UN,170050,173700,,236000,,MINIMO_CLIENTE,DJI SUBDEALER V16.2,ALTA,OK,,confianca ALTA,IMPORTAR INATIVO - AGUARDA PRECO DE VENDA,NAO,AVISTA + FATURADO,2026-09-01,DJI SUBDEALER V16.2,,,,,DJI-002,CATEGORIA PENDENTE,ALTA,,CRIAR CATEGORIA: Drones,JA CADASTRADA,price_list,DJI,TABELA SUBDEALER,V16.2,PRODUTOS!DJI-002,,,
SIM,DJI-003,DRONE AGRAS T70P + 3 BAT + CARREGADOR C12000,DRONE AGRAS T70P + 3 BAT + CARREGADOR C12000,,DJI,KIT DRONE,UN,128300,131000,,180000,,MINIMO_CLIENTE,DJI SUBDEALER V16.2,ALTA,OK,,confianca ALTA,IMPORTAR INATIVO - AGUARDA PRECO DE VENDA,NAO,AVISTA + FATURADO,2026-09-01,DJI SUBDEALER V16.2,,,,,DJI-003,CATEGORIA PENDENTE,ALTA,,CRIAR CATEGORIA: Drones,JA CADASTRADA,price_list,DJI,TABELA SUBDEALER,V16.2,PRODUTOS!DJI-003,,,
SIM,DJI-004,DRONE AGRAS T70P + 3 BAT + GERADOR D14000,DRONE AGRAS T70P + 3 BAT + GERADOR D14000,,DJI,KIT DRONE,UN,136440,139400,,191000,,MINIMO_CLIENTE,DJI SUBDEALER V16.2,ALTA,OK,,confianca ALTA,IMPORTAR INATIVO - AGUARDA PRECO DE VENDA,NAO,AVISTA + FATURADO,2026-09-01,DJI SUBDEALER V16.2,,,,,DJI-004,CATEGORIA PENDENTE,ALTA,,CRIAR CATEGORIA: Drones,JA CADASTRADA,price_list,DJI,TABELA SUBDEALER,V16.2,PRODUTOS!DJI-004,,,
SIM,DJI-005,DRONE AGRAS T25P + 3 BAT + CARREGADOR C8000,DRONE AGRAS T25P + 3 BAT + CARREGADOR C8000,,DJI,KIT DRONE,UN,61789,64250,,87000,,MINIMO_CLIENTE,DJI SUBDEALER V16.2,ALTA,OK,,confianca ALTA,IMPORTAR INATIVO - AGUARDA PRECO DE VENDA,NAO,AVISTA + FATURADO,2026-09-01,DJI SUBDEALER V16.2,,,,,DJI-005,CATEGORIA PENDENTE,ALTA,,CRIAR CATEGORIA: Drones,JA CADASTRADA,price_list,DJI,TABELA SUBDEALER,V16.2,PRODUTOS!DJI-005,,,
SIM,DJI-006,DRONE AGRAS T25P + 3 BAT + GERADOR D6000,DRONE AGRAS T25P + 3 BAT + GERADOR D6000,,DJI,KIT DRONE,UN,65292,67900,,91935,,MINIMO_CLIENTE,DJI SUBDEALER V16.2,ALTA,OK,,confianca ALTA,IMPORTAR INATIVO - AGUARDA PRECO DE VENDA,NAO,AVISTA + FATURADO,2026-09-01,DJI SUBDEALER V16.2,,,,,DJI-006,CATEGORIA PENDENTE,ALTA,,CRIAR CATEGORIA: Drones,JA CADASTRADA,price_list,DJI,TABELA SUBDEALER,V16.2,PRODUTOS!DJI-006,,,
SIM,DJI-007,DRONE AGRAS T55 + 3 BAT DB1050 + CARREGADOR C7000,DRONE AGRAS T55 + 3 BAT DB1050 + CARREGADOR C7000,,DJI,KIT DRONE,UN,96483,101401,,130000,,MINIMO_CLIENTE,DJI SUBDEALER V16.2,ALTA,OK,,confianca ALTA,IMPORTAR INATIVO - AGUARDA PRECO DE VENDA,NAO,AVISTA + FATURADO,2026-09-01,DJI SUBDEALER V16.2,,,,,DJI-007,CATEGORIA PENDENTE,ALTA,,CRIAR CATEGORIA: Drones,JA CADASTRADA,price_list,DJI,TABELA SUBDEALER,V16.2,PRODUTOS!DJI-007,,,
SIM,DJI-008,DRONE AGRAS T55 + 3 BAT DB1050 + GERADOR D8000,DRONE AGRAS T55 + 3 BAT DB1050 + GERADOR D8000,,DJI,KIT DRONE,UN,107364,112825,,143000,,MINIMO_CLIENTE,DJI SUBDEALER V16.2,ALTA,OK,,confianca ALTA,IMPORTAR INATIVO - AGUARDA PRECO DE VENDA,NAO,AVISTA + FATURADO,2026-09-01,DJI SUBDEALER V16.2,,,,,DJI-008,CATEGORIA PENDENTE,ALTA,,CRIAR CATEGORIA: Drones,JA CADASTRADA,price_list,DJI,TABELA SUBDEALER,V16.2,PRODUTOS!DJI-008,,,
SIM,DJI-009,DRONE AGRAS T55 + 3 BAT DB1580 + CARREGADOR C12000,DRONE AGRAS T55 + 3 BAT DB1580 + CARREGADOR C12000,,DJI,KIT DRONE,UN,113789,119400,,156000,,MINIMO_CLIENTE,DJI SUBDEALER V16.2,ALTA,OK,,confianca ALTA,IMPORTAR INATIVO - AGUARDA PRECO DE VENDA,NAO,AVISTA + FATURADO,2026-09-01,DJI SUBDEALER V16.2,,,,,DJI-009,CATEGORIA PENDENTE,ALTA,,CRIAR CATEGORIA: Drones,JA CADASTRADA,price_list,DJI,TABELA SUBDEALER,V16.2,PRODUTOS!DJI-009,,,
SIM,DJI-010,DRONE AGRAS T55 + 3 BAT DB1580 + GERADOR D14000,DRONE AGRAS T55 + 3 BAT DB1580 + GERADOR D14000,,DJI,KIT DRONE,UN,121069,127200,,167000,,MINIMO_CLIENTE,DJI SUBDEALER V16.2,ALTA,OK,,confianca ALTA,IMPORTAR INATIVO - AGUARDA PRECO DE VENDA,NAO,AVISTA + FATURADO,2026-09-01,DJI SUBDEALER V16.2,,,,,DJI-010,CATEGORIA PENDENTE,ALTA,,CRIAR CATEGORIA: Drones,JA CADASTRADA,price_list,DJI,TABELA SUBDEALER,V16.2,PRODUTOS!DJI-010,,,
SIM,DJI-011,DRONE AGRAS T100 + 6 BAT + 2 CARREGADORES C12000 + KIT DUAL BATTERY + 2 DC55,DRONE AGRAS T100 + 6 BAT + 2 CARREGADORES C12000 + KIT DUAL BATTERY + 2 DC55,,DJI,KIT DRONE,UN,231321,240600,,327100,,MINIMO_CLIENTE,DJI SUBDEALER V16.2,ALTA,OK,,confianca ALTA,IMPORTAR INATIVO - AGUARDA PRECO DE VENDA,NAO,AVISTA + FATURADO,2026-09-01,DJI SUBDEALER V16.2,,,,,DJI-011,CATEGORIA PENDENTE,ALTA,,CRIAR CATEGORIA: Drones,JA CADASTRADA,price_list,DJI,TABELA SUBDEALER,V16.2,PRODUTOS!DJI-011,,,
SIM,DJI-012,DRONE AGRAS T100 + 6 BAT + 2 GERADORES D14000 + KIT DUAL BATTERY,DRONE AGRAS T100 + 6 BAT + 2 GERADORES D14000 + KIT DUAL BATTERY,,DJI,KIT DRONE,UN,247621,257500,,349100,,MINIMO_CLIENTE,DJI SUBDEALER V16.2,ALTA,OK,,confianca ALTA,IMPORTAR INATIVO - AGUARDA PRECO DE VENDA,NAO,AVISTA + FATURADO,2026-09-01,DJI SUBDEALER V16.2,,,,,DJI-012,CATEGORIA PENDENTE,ALTA,,CRIAR CATEGORIA: Drones,JA CADASTRADA,price_list,DJI,TABELA SUBDEALER,V16.2,PRODUTOS!DJI-012,,,
SIM,DJI-023,BATERIA T100 / T70P (DB2160),BATERIA T100 / T70P (DB2160),DB2160,DJI,BATERIA AVULSA,UN,18330,18750,,,,SEM_PRECO,DJI SUBDEALER V16.2,ALTA,OK,,confianca ALTA - confere com a planilha Excel 2026,IMPORTAR INATIVO - AGUARDA PRECO DE VENDA,NAO,AVISTA + FATURADO,2026-09-01,DJI SUBDEALER V16.2,,,,,DJI-023,CATEGORIA PENDENTE,ALTA,,CRIAR CATEGORIA: Baterias e Energia,JA CADASTRADA,price_list,DJI,TABELA SUBDEALER,V16.2,PRODUTOS!DJI-023,,,
SIM,DJI-024,BATERIA T25P / T25 (DB800),BATERIA T25P / T25 (DB800),DB800,DJI,BATERIA AVULSA,UN,7457,7830,,,,SEM_PRECO,DJI SUBDEALER V16.2,ALTA,OK,,CONFERIDO VISUALMENTE NO PDF DJI SUBDEALER V16.2: nome e ambos os valores estao legiveis na tabela original.,IMPORTAR INATIVO - AGUARDA PRECO DE VENDA,NAO,AVISTA + FATURADO,2026-09-01,DJI SUBDEALER V16.2,,,,DEFINIR PRECO DE VENDA,DJI-024,CATEGORIA PENDENTE,ALTA,,CRIAR CATEGORIA: Baterias e Energia,JA CADASTRADA,price_list,DJI,TABELA SUBDEALER,V16.2,PRODUTOS!DJI-024,,,
SIM,DJI-025,BATERIA T55 / T70P (DB1580),BATERIA T55 / T70P (DB1580),DB1580,DJI,BATERIA AVULSA,UN,13225,13886,,,,SEM_PRECO,DJI SUBDEALER V16.2,ALTA,OK,,CONFERIDO VISUALMENTE NO PDF DJI SUBDEALER V16.2: nome e ambos os valores estao legiveis na tabela original.,IMPORTAR INATIVO - AGUARDA PRECO DE VENDA,NAO,AVISTA + FATURADO,2026-09-01,DJI SUBDEALER V16.2,,,,DEFINIR PRECO DE VENDA,DJI-025,CATEGORIA PENDENTE,ALTA,,CRIAR CATEGORIA: Baterias e Energia,JA CADASTRADA,price_list,DJI,TABELA SUBDEALER,V16.2,PRODUTOS!DJI-025,,,
SIM,DJI-026,BATERIA T55 (DB1050),BATERIA T55 (DB1050),DB1050,DJI,BATERIA AVULSA,UN,9050,9502,,,,SEM_PRECO,DJI SUBDEALER V16.2,ALTA,OK,,CONFERIDO VISUALMENTE NO PDF DJI SUBDEALER V16.2: nome e ambos os valores estao legiveis na tabela original.,IMPORTAR INATIVO - AGUARDA PRECO DE VENDA,NAO,AVISTA + FATURADO,2026-09-01,DJI SUBDEALER V16.2,,,,DEFINIR PRECO DE VENDA,DJI-026,CATEGORIA PENDENTE,ALTA,,CRIAR CATEGORIA: Baterias e Energia,JA CADASTRADA,price_list,DJI,TABELA SUBDEALER,V16.2,PRODUTOS!DJI-026,,,
SIM,DJI-027,BATERIA T50 / T40 (DB1560),BATERIA T50 / T40 (DB1560),DB1560,DJI,BATERIA AVULSA,UN,11500,12000,,,,SEM_PRECO,DJI SUBDEALER V16.2,ALTA,OK,,CONFERIDO VISUALMENTE NO PDF DJI SUBDEALER V16.2: nome e ambos os valores estao legiveis na tabela original.,IMPORTAR INATIVO - AGUARDA PRECO DE VENDA,NAO,AVISTA + FATURADO,2026-09-01,DJI SUBDEALER V16.2,,,,DEFINIR PRECO DE VENDA,DJI-027,CATEGORIA PENDENTE,ALTA,,CRIAR CATEGORIA: Baterias e Energia,JA CADASTRADA,price_list,DJI,TABELA SUBDEALER,V16.2,PRODUTOS!DJI-027,,,
SIM,DJI-028,BATERIA T20P,BATERIA T20P,,DJI,BATERIA AVULSA,UN,6950,7230,,,,SEM_PRECO,DJI SUBDEALER V16.2,ALTA,OK,,CONFERIDO VISUALMENTE NO PDF DJI SUBDEALER V16.2: nome e ambos os valores estao legiveis na tabela original.,IMPORTAR INATIVO - AGUARDA PRECO DE VENDA,NAO,AVISTA + FATURADO,2026-09-01,DJI SUBDEALER V16.2,,,,DEFINIR PRECO DE VENDA,DJI-028,CATEGORIA PENDENTE,ALTA,,CRIAR CATEGORIA: Baterias e Energia,JA CADASTRADA,price_list,DJI,TABELA SUBDEALER,V16.2,PRODUTOS!DJI-028,,,
SIM,DJI-029,BATERIA T30,BATERIA T30,,DJI,BATERIA AVULSA,UN,13200,13900,,,,SEM_PRECO,DJI SUBDEALER V16.2,ALTA,OK,,CONFERIDO VISUALMENTE NO PDF DJI SUBDEALER V16.2: nome e ambos os valores estao legiveis na tabela original.,IMPORTAR INATIVO - AGUARDA PRECO DE VENDA,NAO,AVISTA + FATURADO,2026-09-01,DJI SUBDEALER V16.2,,,,DEFINIR PRECO DE VENDA,DJI-029,CATEGORIA PENDENTE,ALTA,,CRIAR CATEGORIA: Baterias e Energia,JA CADASTRADA,price_list,DJI,TABELA SUBDEALER,V16.2,PRODUTOS!DJI-029,,,
SIM,DJI-030,BATERIA T10,BATERIA T10,,DJI,BATERIA AVULSA,UN,6800,7100,,,,SEM_PRECO,DJI SUBDEALER V16.2,ALTA,OK,,CONFERIDO VISUALMENTE NO PDF DJI SUBDEALER V16.2: nome e ambos os valores estao legiveis na tabela original.,IMPORTAR INATIVO - AGUARDA PRECO DE VENDA,NAO,AVISTA + FATURADO,2026-09-01,DJI SUBDEALER V16.2,,,,DEFINIR PRECO DE VENDA,DJI-030,CATEGORIA PENDENTE,ALTA,,CRIAR CATEGORIA: Baterias e Energia,JA CADASTRADA,price_list,DJI,TABELA SUBDEALER,V16.2,PRODUTOS!DJI-030,,,
SIM,DJI-031,CARREGADOR T100 / T70P (C12000),CARREGADOR T100 / T70P (C12000),C12000,DJI,CARREGADOR / GERADOR AVULSO,UN,12220,12500,,,,SEM_PRECO,DJI SUBDEALER V16.2,ALTA,OK,,confianca ALTA - confere com a planilha Excel 2026,IMPORTAR INATIVO - AGUARDA PRECO DE VENDA,NAO,AVISTA + FATURADO,2026-09-01,DJI SUBDEALER V16.2,,,,,DJI-031,CATEGORIA PENDENTE,ALTA,,CRIAR CATEGORIA: Baterias e Energia,JA CADASTRADA,price_list,DJI,TABELA SUBDEALER,V16.2,PRODUTOS!DJI-031,,,
SIM,DJI-032,CARREGADOR T55 (C7000),CARREGADOR T55 (C7000),C7000,DJI,CARREGADOR / GERADOR AVULSO,UN,7052,7405,,,,SEM_PRECO,DJI SUBDEALER V16.2,ALTA,OK,,confianca ALTA - provado: a diferenca entre os kits T55 DB1050 com C7000 e com D8000 bate exatamente nas duas colunas,IMPORTAR INATIVO - AGUARDA PRECO DE VENDA,NAO,AVISTA + FATURADO,2026-09-01,DJI SUBDEALER V16.2,,,,,DJI-032,CATEGORIA PENDENTE,ALTA,,CRIAR CATEGORIA: Baterias e Energia,JA CADASTRADA,price_list,DJI,TABELA SUBDEALER,V16.2,PRODUTOS!DJI-032,,,
SIM,DJI-033,CARREGADOR T50 / T40 (C10000),CARREGADOR T50 / T40 (C10000),C10000,DJI,CARREGADOR / GERADOR AVULSO,UN,10250,11000,,,,SEM_PRECO,DJI SUBDEALER V16.2,ALTA,OK,,CONFERIDO VISUALMENTE NO PDF DJI SUBDEALER V16.2: nome e ambos os valores estao legiveis na tabela original.,IMPORTAR INATIVO - AGUARDA PRECO DE VENDA,NAO,AVISTA + FATURADO,2026-09-01,DJI SUBDEALER V16.2,,,,DEFINIR PRECO DE VENDA,DJI-033,CATEGORIA PENDENTE,ALTA,,CRIAR CATEGORIA: Baterias e Energia,JA CADASTRADA,price_list,DJI,TABELA SUBDEALER,V16.2,PRODUTOS!DJI-033,,,
SIM,DJI-034,CARREGADOR T25P / T25 (C8000),CARREGADOR T25P / T25 (C8000),C8000,DJI,CARREGADOR / GERADOR AVULSO,UN,8100,8500,,,,SEM_PRECO,DJI SUBDEALER V16.2,ALTA,OK,,CONFERIDO VISUALMENTE NO PDF DJI SUBDEALER V16.2: nome e ambos os valores estao legiveis na tabela original.,IMPORTAR INATIVO - AGUARDA PRECO DE VENDA,NAO,AVISTA + FATURADO,2026-09-01,DJI SUBDEALER V16.2,,,,DEFINIR PRECO DE VENDA,DJI-034,CATEGORIA PENDENTE,ALTA,,CRIAR CATEGORIA: Baterias e Energia,JA CADASTRADA,price_list,DJI,TABELA SUBDEALER,V16.2,PRODUTOS!DJI-034,,,
SIM,DJI-035,CARREGADOR T10,CARREGADOR T10,,DJI,CARREGADOR / GERADOR AVULSO,UN,7100,7500,,,,SEM_PRECO,DJI SUBDEALER V16.2,ALTA,OK,,CONFERIDO VISUALMENTE NO PDF DJI SUBDEALER V16.2: nome e ambos os valores estao legiveis na tabela original.,IMPORTAR INATIVO - AGUARDA PRECO DE VENDA,NAO,AVISTA + FATURADO,2026-09-01,DJI SUBDEALER V16.2,,,,DEFINIR PRECO DE VENDA,DJI-035,CATEGORIA PENDENTE,ALTA,,CRIAR CATEGORIA: Baterias e Energia,JA CADASTRADA,price_list,DJI,TABELA SUBDEALER,V16.2,PRODUTOS!DJI-035,,,
SIM,DJI-036,GERADOR T100 / T70P (D14000),GERADOR T100 / T70P (D14000),D14000,DJI,CARREGADOR / GERADOR AVULSO,UN,20370,21000,,,,SEM_PRECO,DJI SUBDEALER V16.2,ALTA,OK,,confianca ALTA - confere com a planilha Excel 2026,IMPORTAR INATIVO - AGUARDA PRECO DE VENDA,NAO,AVISTA + FATURADO,2026-09-01,DJI SUBDEALER V16.2,,,,,DJI-036,CATEGORIA PENDENTE,ALTA,,CRIAR CATEGORIA: Baterias e Energia,JA CADASTRADA,price_list,DJI,TABELA SUBDEALER,V16.2,PRODUTOS!DJI-036,,,
SIM,DJI-037,GERADOR T55 (D8000),GERADOR T55 (D8000),D8000,DJI,CARREGADOR / GERADOR AVULSO,UN,17933,18829,,,,SEM_PRECO,DJI SUBDEALER V16.2,ALTA,OK,,confianca ALTA - provado: a diferenca entre os kits T55 DB1050 com C7000 e com D8000 bate exatamente nas duas colunas,IMPORTAR INATIVO - AGUARDA PRECO DE VENDA,NAO,AVISTA + FATURADO,2026-09-01,DJI SUBDEALER V16.2,,,,,DJI-037,CATEGORIA PENDENTE,ALTA,,CRIAR CATEGORIA: Baterias e Energia,JA CADASTRADA,price_list,DJI,TABELA SUBDEALER,V16.2,PRODUTOS!DJI-037,,,
SIM,DJI-038,GERADOR T50 / T40 (D12000),GERADOR T50 / T40 (D12000),D12000,DJI,CARREGADOR / GERADOR AVULSO,UN,19500,20300,,,,SEM_PRECO,DJI SUBDEALER V16.2,ALTA,OK,,CONFERIDO VISUALMENTE NO PDF DJI SUBDEALER V16.2: nome e ambos os valores estao legiveis na tabela original.,IMPORTAR INATIVO - AGUARDA PRECO DE VENDA,NAO,AVISTA + FATURADO,2026-09-01,DJI SUBDEALER V16.2,,,,DEFINIR PRECO DE VENDA,DJI-038,CATEGORIA PENDENTE,ALTA,,CRIAR CATEGORIA: Baterias e Energia,JA CADASTRADA,price_list,DJI,TABELA SUBDEALER,V16.2,PRODUTOS!DJI-038,,,
SIM,DJI-039,GERADOR T25P / T25 (D6000),GERADOR T25P / T25 (D6000),D6000,DJI,CARREGADOR / GERADOR AVULSO,UN,11500,12000,,,,SEM_PRECO,DJI SUBDEALER V16.2,ALTA,OK,,CONFERIDO VISUALMENTE NO PDF DJI SUBDEALER V16.2: nome e ambos os valores estao legiveis na tabela original.,IMPORTAR INATIVO - AGUARDA PRECO DE VENDA,NAO,AVISTA + FATURADO,2026-09-01,DJI SUBDEALER V16.2,,,,DEFINIR PRECO DE VENDA,DJI-039,CATEGORIA PENDENTE,ALTA,,CRIAR CATEGORIA: Baterias e Energia,JA CADASTRADA,price_list,DJI,TABELA SUBDEALER,V16.2,PRODUTOS!DJI-039,,,
SIM,DJI-040,DRONE AVULSO T100,DRONE AVULSO T100,,DJI,"DRONE AVULSO (SO CAIXA, COM CONTROLE)",UN,94700,96750,,,,SEM_PRECO,DJI SUBDEALER V16.2,ALTA,OK,,"confianca MEDIA - nao inclui kit WB37 | PROMOCAO DE CONFIANCA: As duas metades do T100 no Excel 2026 (47.350 + 47.350) somam exatamente 94.700, o preco a vista do DRONE AVULSO T100 na DJI. Confirmacao independente, mesmo criterio usado pela planilha para promover outros itens",IMPORTAR INATIVO - AGUARDA PRECO DE VENDA,NAO,AVISTA + FATURADO,2026-09-01,DJI SUBDEALER V16.2,,,,,DJI-040,CATEGORIA PENDENTE,MEDIA,,CRIAR CATEGORIA: Drones,JA CADASTRADA,price_list,DJI,TABELA SUBDEALER,V16.2,PRODUTOS!DJI-040,,,
SIM,DJI-041,DRONE AVULSO T70P,DRONE AVULSO T70P,,DJI,"DRONE AVULSO (SO CAIXA, COM CONTROLE)",UN,61100,62500,,,,SEM_PRECO,DJI SUBDEALER V16.2,ALTA,OK,,"confianca MEDIA - nao inclui kit WB37 | PROMOCAO DE CONFIANCA: As duas metades do T70P no Excel 2026 (30.550 + 30.550) somam exatamente 61.100, o preco a vista do DRONE AVULSO T70P na DJI. Confirmacao independente",IMPORTAR INATIVO - AGUARDA PRECO DE VENDA,NAO,AVISTA + FATURADO,2026-09-01,DJI SUBDEALER V16.2,,,,,DJI-041,CATEGORIA PENDENTE,MEDIA,,CRIAR CATEGORIA: Drones,JA CADASTRADA,price_list,DJI,TABELA SUBDEALER,V16.2,PRODUTOS!DJI-041,,,
SIM,DJI-042,DRONE AVULSO T25P,DRONE AVULSO T25P,,DJI,"DRONE AVULSO (SO CAIXA, COM CONTROLE)",UN,31961,32888,,,,SEM_PRECO,DJI SUBDEALER V16.2,ALTA,OK,,CONFERIDO VISUALMENTE NO PDF DJI SUBDEALER V16.2: nome e ambos os valores estao legiveis na tabela original.,IMPORTAR INATIVO - AGUARDA PRECO DE VENDA,NAO,AVISTA + FATURADO,2026-09-01,DJI SUBDEALER V16.2,,,,DEFINIR PRECO DE VENDA,DJI-042,CATEGORIA PENDENTE,ALTA,,CRIAR CATEGORIA: Drones,JA CADASTRADA,price_list,DJI,TABELA SUBDEALER,V16.2,PRODUTOS!DJI-042,,,
SIM,DJI-043,DRONE AVULSO T100 (SEM KIT PULVERIZACAO),DRONE AVULSO T100 (SEM KIT PULVERIZACAO),,DJI,"DRONE AVULSO (SO CAIXA, COM CONTROLE)",UN,78200,79760,,,,SEM_PRECO,DJI SUBDEALER V16.2,ALTA,OK,,CONFERIDO VISUALMENTE NO PDF DJI SUBDEALER V16.2: nome e ambos os valores estao legiveis na tabela original.,IMPORTAR INATIVO - AGUARDA PRECO DE VENDA,NAO,AVISTA + FATURADO,2026-09-01,DJI SUBDEALER V16.2,,,,DEFINIR PRECO DE VENDA,DJI-043,CATEGORIA PENDENTE,ALTA,,CRIAR CATEGORIA: Drones,JA CADASTRADA,price_list,DJI,TABELA SUBDEALER,V16.2,PRODUTOS!DJI-043,,,
SIM,DJI-044,DRONE AVULSO T55,DRONE AVULSO T55,,DJI,"DRONE AVULSO (SO CAIXA, COM CONTROLE)",UN,60591,63620,,,,SEM_PRECO,DJI SUBDEALER V16.2,ALTA,OK,,CONFERIDO VISUALMENTE NO PDF DJI SUBDEALER V16.2: nome e ambos os valores estao legiveis na tabela original.,IMPORTAR INATIVO - AGUARDA PRECO DE VENDA,NAO,AVISTA + FATURADO,2026-09-01,DJI SUBDEALER V16.2,,,,DEFINIR PRECO DE VENDA,DJI-044,CATEGORIA PENDENTE,ALTA,,CRIAR CATEGORIA: Drones,JA CADASTRADA,price_list,DJI,TABELA SUBDEALER,V16.2,PRODUTOS!DJI-044,,,
SIM,DJI-045,KIT DE PULV. T100 DUAL BATTERY + CABO,KIT DE PULV. T100 DUAL BATTERY + CABO,,DJI,KIT DE PULVERIZACAO DJI T100,UN,20580,21550,,,,SEM_PRECO,DJI SUBDEALER V16.2,ALTA,OK,,confianca ALTA - mesmo valor usado nos kits upgrade,IMPORTAR INATIVO - AGUARDA PRECO DE VENDA,NAO,AVISTA + FATURADO,2026-09-01,DJI SUBDEALER V16.2,,,,,DJI-045,NENHUMA,ALTA,Pulverização,MAPEADA,JA CADASTRADA,price_list,DJI,TABELA SUBDEALER,V16.2,PRODUTOS!DJI-045,,,
SIM,DJI-046,KIT DE PULVERIZACAO DJI T100,KIT DE PULVERIZACAO DJI T100,,DJI,KIT DE PULVERIZACAO DJI T100,UN,16500,16990,,,,SEM_PRECO,DJI SUBDEALER V16.2,ALTA,OK,,"CORRECAO V4: os valores 16.500/16.990 pertencem ao KIT DE PULVERIZACAO DJI T100, linha imediatamente anterior ao bloco DISPERSOR DE SOLIDOS no PDF.",IMPORTAR INATIVO - AGUARDA PRECO DE VENDA,NAO,AVISTA + FATURADO,2026-09-01,DJI SUBDEALER V16.2,,,,DEFINIR PRECO DE VENDA,DJI-046,NENHUMA,ALTA,Pulverização,MAPEADA,JA CADASTRADA,price_list,DJI,TABELA SUBDEALER,V16.2,PDF DJI V16.2 | DRONE AVULSO | KIT DE PULVERIZACAO DJI T100,,,
SIM,DJI-047,DISPERSOR DE SOLIDOS T70P,DISPERSOR DE SOLIDOS T70P,,DJI,DISPERSOR DE SOLIDOS,UN,7030,7200,,,,SEM_PRECO,DJI SUBDEALER V16.2,ALTA,OK,,confianca ALTA - confere com a planilha Excel 2026,IMPORTAR INATIVO - AGUARDA PRECO DE VENDA,NAO,AVISTA + FATURADO,2026-09-01,DJI SUBDEALER V16.2,,,,,DJI-047,CATEGORIA PENDENTE,ALTA,,CRIAR CATEGORIA: Implementos para Drone,JA CADASTRADA,price_list,DJI,TABELA SUBDEALER,V16.2,PRODUTOS!DJI-047,,,
SIM,DJI-048,DISPERSOR DE SOLIDOS T25P,DISPERSOR DE SOLIDOS T25P,,DJI,DISPERSOR DE SOLIDOS,UN,6310,6450,,,,SEM_PRECO,DJI SUBDEALER V16.2,ALTA,OK,,confianca ALTA - confere com a planilha Excel 2026,IMPORTAR INATIVO - AGUARDA PRECO DE VENDA,NAO,AVISTA + FATURADO,2026-09-01,DJI SUBDEALER V16.2,,,,,DJI-048,CATEGORIA PENDENTE,ALTA,,CRIAR CATEGORIA: Implementos para Drone,JA CADASTRADA,price_list,DJI,TABELA SUBDEALER,V16.2,PRODUTOS!DJI-048,,,
SIM,DJI-049,DISPERSOR DE SOLIDOS T55,DISPERSOR DE SOLIDOS T55,,DJI,DISPERSOR DE SOLIDOS,UN,8511,8936,,,,SEM_PRECO,DJI SUBDEALER V16.2,ALTA,OK,,CONFERIDO VISUALMENTE NO PDF DJI SUBDEALER V16.2: nome e ambos os valores estao legiveis na tabela original.,IMPORTAR INATIVO - AGUARDA PRECO DE VENDA,NAO,AVISTA + FATURADO,2026-09-01,DJI SUBDEALER V16.2,,,,DEFINIR PRECO DE VENDA,DJI-049,CATEGORIA PENDENTE,ALTA,,CRIAR CATEGORIA: Implementos para Drone,JA CADASTRADA,price_list,DJI,TABELA SUBDEALER,V16.2,PRODUTOS!DJI-049,,,
SIM,DJI-050,DISPERSOR DE SOLIDOS T50,DISPERSOR DE SOLIDOS T50,,DJI,DISPERSOR DE SOLIDOS,UN,4690,4990,,,,SEM_PRECO,DJI SUBDEALER V16.2,ALTA,OK,,CONFERIDO VISUALMENTE NO PDF DJI SUBDEALER V16.2: nome e ambos os valores estao legiveis na tabela original.,IMPORTAR INATIVO - AGUARDA PRECO DE VENDA,NAO,AVISTA + FATURADO,2026-09-01,DJI SUBDEALER V16.2,,,,DEFINIR PRECO DE VENDA,DJI-050,CATEGORIA PENDENTE,ALTA,,CRIAR CATEGORIA: Implementos para Drone,JA CADASTRADA,price_list,DJI,TABELA SUBDEALER,V16.2,PRODUTOS!DJI-050,,,
SIM,DJI-051,DISPERSOR DE SOLIDOS T25,DISPERSOR DE SOLIDOS T25,,DJI,DISPERSOR DE SOLIDOS,UN,4190,4490,,,,SEM_PRECO,DJI SUBDEALER V16.2,ALTA,OK,,CONFERIDO VISUALMENTE NO PDF DJI SUBDEALER V16.2: nome e ambos os valores estao legiveis na tabela original.,IMPORTAR INATIVO - AGUARDA PRECO DE VENDA,NAO,AVISTA + FATURADO,2026-09-01,DJI SUBDEALER V16.2,,,,DEFINIR PRECO DE VENDA,DJI-051,CATEGORIA PENDENTE,ALTA,,CRIAR CATEGORIA: Implementos para Drone,JA CADASTRADA,price_list,DJI,TABELA SUBDEALER,V16.2,PRODUTOS!DJI-051,,,
SIM,DJI-052,DISPERSOR DE SOLIDOS T40,DISPERSOR DE SOLIDOS T40,,DJI,DISPERSOR DE SOLIDOS,UN,5700,5900,,,,SEM_PRECO,DJI SUBDEALER V16.2,ALTA,OK,,CONFERIDO VISUALMENTE NO PDF DJI SUBDEALER V16.2: nome e ambos os valores estao legiveis na tabela original.,IMPORTAR INATIVO - AGUARDA PRECO DE VENDA,NAO,AVISTA + FATURADO,2026-09-01,DJI SUBDEALER V16.2,,,,DEFINIR PRECO DE VENDA,DJI-052,CATEGORIA PENDENTE,ALTA,,CRIAR CATEGORIA: Implementos para Drone,JA CADASTRADA,price_list,DJI,TABELA SUBDEALER,V16.2,PRODUTOS!DJI-052,,,
SIM,DJI-053,DISPERSOR DE SOLIDOS T20P,DISPERSOR DE SOLIDOS T20P,,DJI,DISPERSOR DE SOLIDOS,UN,5500,6000,,,,SEM_PRECO,DJI SUBDEALER V16.2,ALTA,OK,,CONFERIDO VISUALMENTE NO PDF DJI SUBDEALER V16.2: nome e ambos os valores estao legiveis na tabela original.,IMPORTAR INATIVO - AGUARDA PRECO DE VENDA,NAO,AVISTA + FATURADO,2026-09-01,DJI SUBDEALER V16.2,,,,DEFINIR PRECO DE VENDA,DJI-053,CATEGORIA PENDENTE,ALTA,,CRIAR CATEGORIA: Implementos para Drone,JA CADASTRADA,price_list,DJI,TABELA SUBDEALER,V16.2,PRODUTOS!DJI-053,,,
SIM,DJI-055,DISPERSOR DE SOLIDOS T10,DISPERSOR DE SOLIDOS T10,,DJI,DISPERSOR DE SOLIDOS,UN,5500,6000,,,,SEM_PRECO,DJI SUBDEALER V16.2,ALTA,OK,,CONFERIDO VISUALMENTE NO PDF DJI SUBDEALER V16.2: nome e ambos os valores estao legiveis na tabela original.,IMPORTAR INATIVO - AGUARDA PRECO DE VENDA,NAO,AVISTA + FATURADO,2026-09-01,DJI SUBDEALER V16.2,,,,DEFINIR PRECO DE VENDA,DJI-055,CATEGORIA PENDENTE,ALTA,,CRIAR CATEGORIA: Implementos para Drone,JA CADASTRADA,price_list,DJI,TABELA SUBDEALER,V16.2,PRODUTOS!DJI-055,,,
SIM,DJI-056,KIT BICOS T100 (BICO DE NEVOA),KIT BICOS T100 (BICO DE NEVOA),,DJI,KIT BICOS ASPERSORES EXTRAS,UN,8000,8320,,,,SEM_PRECO,DJI SUBDEALER V16.2,ALTA,OK,,confianca ALTA - confere com a planilha Excel 2026,IMPORTAR INATIVO - AGUARDA PRECO DE VENDA,NAO,AVISTA + FATURADO,2026-09-01,DJI SUBDEALER V16.2,,,,,DJI-056,NENHUMA,ALTA,Pulverização,MAPEADA,JA CADASTRADA,price_list,DJI,TABELA SUBDEALER,V16.2,PRODUTOS!DJI-056,,,
SIM,DJI-057,KIT BICOS T70P (BICO DE NEVOA),KIT BICOS T70P (BICO DE NEVOA),,DJI,KIT BICOS ASPERSORES EXTRAS,UN,6000,6240,,,,SEM_PRECO,DJI SUBDEALER V16.2,ALTA,OK,,confianca ALTA - confere com a planilha Excel 2026,IMPORTAR INATIVO - AGUARDA PRECO DE VENDA,NAO,AVISTA + FATURADO,2026-09-01,DJI SUBDEALER V16.2,,,,,DJI-057,NENHUMA,ALTA,Pulverização,MAPEADA,JA CADASTRADA,price_list,DJI,TABELA SUBDEALER,V16.2,PRODUTOS!DJI-057,,,
SIM,DJI-058,KIT BICOS T25P,KIT BICOS T25P,,DJI,KIT BICOS ASPERSORES EXTRAS,UN,3670,3750,,,,SEM_PRECO,DJI SUBDEALER V16.2,ALTA,OK,,confianca ALTA - confere com a planilha Excel 2026,IMPORTAR INATIVO - AGUARDA PRECO DE VENDA,NAO,AVISTA + FATURADO,2026-09-01,DJI SUBDEALER V16.2,,,,,DJI-058,NENHUMA,ALTA,Pulverização,MAPEADA,JA CADASTRADA,price_list,DJI,TABELA SUBDEALER,V16.2,PRODUTOS!DJI-058,,,
SIM,DJI-059,KIT BICOS T55,KIT BICOS T55,,DJI,KIT BICOS ASPERSORES EXTRAS,UN,7856,8248,,,,SEM_PRECO,DJI SUBDEALER V16.2,ALTA,OK,,confianca ALTA,IMPORTAR INATIVO - AGUARDA PRECO DE VENDA,NAO,AVISTA + FATURADO,2026-09-01,DJI SUBDEALER V16.2,,,,,DJI-059,NENHUMA,ALTA,Pulverização,MAPEADA,JA CADASTRADA,price_list,DJI,TABELA SUBDEALER,V16.2,PRODUTOS!DJI-059,,,
SIM,DJI-060,KIT BICOS T50,KIT BICOS T50,,DJI,KIT BICOS ASPERSORES EXTRAS,UN,4000,4160,,,,SEM_PRECO,DJI SUBDEALER V16.2,ALTA,OK,,confianca ALTA,IMPORTAR INATIVO - AGUARDA PRECO DE VENDA,NAO,AVISTA + FATURADO,2026-09-01,DJI SUBDEALER V16.2,,,,,DJI-060,NENHUMA,ALTA,Pulverização,MAPEADA,JA CADASTRADA,price_list,DJI,TABELA SUBDEALER,V16.2,PRODUTOS!DJI-060,,,
SIM,DJI-061,KIT BICOS T25,KIT BICOS T25,,DJI,KIT BICOS ASPERSORES EXTRAS,UN,3600,3750,,,,SEM_PRECO,DJI SUBDEALER V16.2,ALTA,OK,,confianca ALTA,IMPORTAR INATIVO - AGUARDA PRECO DE VENDA,NAO,AVISTA + FATURADO,2026-09-01,DJI SUBDEALER V16.2,,,,,DJI-061,NENHUMA,ALTA,Pulverização,MAPEADA,JA CADASTRADA,price_list,DJI,TABELA SUBDEALER,V16.2,PRODUTOS!DJI-061,,,
SIM,DJI-062,LIFT T100 (DUAL BATTERY),LIFT T100 (DUAL BATTERY),,DJI,SISTEMA DE TRANSPORTE (LIFT),UN,9000,9360,,,,SEM_PRECO,DJI SUBDEALER V16.2,ALTA,OK,,confianca ALTA - confere com a planilha Excel 2026,IMPORTAR INATIVO - AGUARDA PRECO DE VENDA,NAO,AVISTA + FATURADO,2026-09-01,DJI SUBDEALER V16.2,,,,,DJI-062,CATEGORIA PENDENTE,ALTA,,CRIAR CATEGORIA: Implementos para Drone,JA CADASTRADA,price_list,DJI,TABELA SUBDEALER,V16.2,PRODUTOS!DJI-062,,,
SIM,DJI-063,LIFT T70P,LIFT T70P,,DJI,SISTEMA DE TRANSPORTE (LIFT),UN,3100,3250,,,,SEM_PRECO,DJI SUBDEALER V16.2,ALTA,OK,,confianca ALTA - confere com a planilha Excel 2026,IMPORTAR INATIVO - AGUARDA PRECO DE VENDA,NAO,AVISTA + FATURADO,2026-09-01,DJI SUBDEALER V16.2,,,,,DJI-063,CATEGORIA PENDENTE,ALTA,,CRIAR CATEGORIA: Implementos para Drone,JA CADASTRADA,price_list,DJI,TABELA SUBDEALER,V16.2,PRODUTOS!DJI-063,,,
SIM,DJI-064,LIFT T55 (DL100),LIFT T55 (DL100),DL100,DJI,SISTEMA DE TRANSPORTE (LIFT),UN,3785,3974,,,,SEM_PRECO,DJI SUBDEALER V16.2,ALTA,OK,,confianca ALTA,IMPORTAR INATIVO - AGUARDA PRECO DE VENDA,NAO,AVISTA + FATURADO,2026-09-01,DJI SUBDEALER V16.2,,,,,DJI-064,CATEGORIA PENDENTE,ALTA,,CRIAR CATEGORIA: Implementos para Drone,JA CADASTRADA,price_list,DJI,TABELA SUBDEALER,V16.2,PRODUTOS!DJI-064,,,
SIM,DJI-065,DRONE MAVIC 3 MULTIS,DRONE MAVIC 3 MULTIS,,DJI,DEMAIS ITENS DJI AGRICULTURE,UN,28320,29600,,,,SEM_PRECO,DJI SUBDEALER V16.2,ALTA,OK,,confianca ALTA,IMPORTAR INATIVO - AGUARDA PRECO DE VENDA,NAO,AVISTA + FATURADO,2026-09-01,DJI SUBDEALER V16.2,,,,,DJI-065,CATEGORIA PENDENTE,ALTA,,"CRIAR CATEGORIA: (mistura relay, bastao, radio, resfriador — precisa ser quebrada)",JA CADASTRADA,price_list,DJI,TABELA SUBDEALER,V16.2,PRODUTOS!DJI-065,,,
SIM,DJI-066,KIT 03 BATS MAVIC 3 MULT,KIT 03 BATS MAVIC 3 MULT,,DJI,DEMAIS ITENS DJI AGRICULTURE,UN,4680,4900,,,,SEM_PRECO,DJI SUBDEALER V16.2,ALTA,OK,,confianca ALTA,IMPORTAR INATIVO - AGUARDA PRECO DE VENDA,NAO,AVISTA + FATURADO,2026-09-01,DJI SUBDEALER V16.2,,,,,DJI-066,CATEGORIA PENDENTE,ALTA,,"CRIAR CATEGORIA: (mistura relay, bastao, radio, resfriador — precisa ser quebrada)",JA CADASTRADA,price_list,DJI,TABELA SUBDEALER,V16.2,PRODUTOS!DJI-066,,,
SIM,DJI-068,GNSS DJI BASE RTK DRTK3 AG,GNSS DJI BASE RTK DRTK3 AG,,DJI,DEMAIS ITENS DJI AGRICULTURE,UN,7200,7500,,,,SEM_PRECO,DJI SUBDEALER V16.2,ALTA,OK,,"confianca CONFERIR - o par 12.500/12.220 na mesma linha pode pertencer a este item | PROMOCAO DE CONFIANCA: O motivo do CONFERIR era o par orfao 12.500/12.220 poder pertencer a este item. A planilha Excel 2026 registra, para o proprio D-RTK 3 AG, o valor alternativo 7.200 - identico ao a vista da DJI. Duas fontes independentes no mesmo numero dissolvem a duvida: o par 12.500/12.220 e do CARREGADOR C12000, ja provado",IMPORTAR INATIVO - AGUARDA PRECO DE VENDA,NAO,AVISTA + FATURADO,2026-09-01,DJI SUBDEALER V16.2,,,,,DJI-068,CATEGORIA PENDENTE,CONFERIR,,"CRIAR CATEGORIA: (mistura relay, bastao, radio, resfriador — precisa ser quebrada)",JA CADASTRADA,price_list,DJI,TABELA SUBDEALER,V16.2,PRODUTOS!DJI-068,,,
SIM,DJI-069,GNSS DJI RTK DRTK3 MULTIFUNCIONAL,GNSS DJI RTK DRTK3 MULTIFUNCIONAL,,DJI,DEMAIS ITENS DJI AGRICULTURE,UN,12890,13490,,,,SEM_PRECO,DJI SUBDEALER V16.2,ALTA,OK,,CONFERIDO VISUALMENTE NO PDF DJI SUBDEALER V16.2: nome e ambos os valores estao legiveis na tabela original.,IMPORTAR INATIVO - AGUARDA PRECO DE VENDA,NAO,AVISTA + FATURADO,2026-09-01,DJI SUBDEALER V16.2,,,,DEFINIR PRECO DE VENDA,DJI-069,CATEGORIA PENDENTE,ALTA,,"CRIAR CATEGORIA: (mistura relay, bastao, radio, resfriador — precisa ser quebrada)",JA CADASTRADA,price_list,DJI,TABELA SUBDEALER,V16.2,PRODUTOS!DJI-069,,,
SIM,DJI-070,BASE/HUB DJI P/ MAVIC 3 MULT (4288),BASE/HUB DJI P/ MAVIC 3 MULT (4288),4288,DJI,DEMAIS ITENS DJI AGRICULTURE,UN,750,790,,,,SEM_PRECO,DJI SUBDEALER V16.2,ALTA,OK,,"CONFERIDO VISUALMENTE NO PDF DJI SUBDEALER V16.2: BASE/HUB DJI P/ MAVIC 3 MULT (4288), R$ 750 a vista e R$ 790 faturado.",IMPORTAR INATIVO - AGUARDA PRECO DE VENDA,NAO,AVISTA + FATURADO,2026-09-01,DJI SUBDEALER V16.2,,,,DEFINIR PRECO DE VENDA,DJI-070,CATEGORIA PENDENTE,ALTA,,"CRIAR CATEGORIA: (mistura relay, bastao, radio, resfriador — precisa ser quebrada)",JA CADASTRADA,price_list,DJI,TABELA SUBDEALER,V16.2,PDF DJI V16.2 | DEMAIS ITENS DJI AGRICULTURE | BASE/HUB DJI P/ MAVIC 3 MULT (4288),,,
SIM,DJI-071,RELAY O3 (MODELO ANTIGO),RELAY O3 (MODELO ANTIGO),,DJI,DEMAIS ITENS DJI AGRICULTURE,UN,6500,6800,,,,SEM_PRECO,DJI SUBDEALER V16.2,ALTA,OK,,confianca ALTA,IMPORTAR INATIVO - AGUARDA PRECO DE VENDA,NAO,AVISTA + FATURADO,2026-09-01,DJI SUBDEALER V16.2,,,,,DJI-071,CATEGORIA PENDENTE,ALTA,,"CRIAR CATEGORIA: (mistura relay, bastao, radio, resfriador — precisa ser quebrada)",JA CADASTRADA,price_list,DJI,TABELA SUBDEALER,V16.2,PRODUTOS!DJI-071,,,
SIM,DJI-072,RELAY O4 (MODELO NOVO),RELAY O4 (MODELO NOVO),,DJI,DEMAIS ITENS DJI AGRICULTURE,UN,6500,6800,,,,SEM_PRECO,DJI SUBDEALER V16.2,ALTA,OK,,confianca ALTA - confere com a planilha Excel 2026,IMPORTAR INATIVO - AGUARDA PRECO DE VENDA,NAO,AVISTA + FATURADO,2026-09-01,DJI SUBDEALER V16.2,,,,,DJI-072,CATEGORIA PENDENTE,ALTA,,"CRIAR CATEGORIA: (mistura relay, bastao, radio, resfriador — precisa ser quebrada)",JA CADASTRADA,price_list,DJI,TABELA SUBDEALER,V16.2,PRODUTOS!DJI-072,,,
SIM,DJI-073,BASTAO P/ RELAY 4 METROS (1982),BASTAO P/ RELAY 4 METROS (1982),1982,DJI,DEMAIS ITENS DJI AGRICULTURE,UN,449,499,,,,SEM_PRECO,DJI SUBDEALER V16.2,ALTA,OK,,confianca ALTA,IMPORTAR INATIVO - AGUARDA PRECO DE VENDA,NAO,AVISTA + FATURADO,2026-09-01,DJI SUBDEALER V16.2,,,,,DJI-073,CATEGORIA PENDENTE,ALTA,,"CRIAR CATEGORIA: (mistura relay, bastao, radio, resfriador — precisa ser quebrada)",JA CADASTRADA,price_list,DJI,TABELA SUBDEALER,V16.2,PRODUTOS!DJI-073,,,
SIM,DJI-074,BASTAO P/ RELAY 8 METROS (5218),BASTAO P/ RELAY 8 METROS (5218),5218,DJI,DEMAIS ITENS DJI AGRICULTURE,UN,1499,1569,,,,SEM_PRECO,DJI SUBDEALER V16.2,ALTA,OK,,confianca ALTA,IMPORTAR INATIVO - AGUARDA PRECO DE VENDA,NAO,AVISTA + FATURADO,2026-09-01,DJI SUBDEALER V16.2,,,,,DJI-074,CATEGORIA PENDENTE,ALTA,,"CRIAR CATEGORIA: (mistura relay, bastao, radio, resfriador — precisa ser quebrada)",JA CADASTRADA,price_list,DJI,TABELA SUBDEALER,V16.2,PRODUTOS!DJI-074,,,
SIM,DJI-075,BIPE P/ BASTAO (1626),BIPE P/ BASTAO (1626),1626,DJI,DEMAIS ITENS DJI AGRICULTURE,UN,399,449,,,,SEM_PRECO,DJI SUBDEALER V16.2,ALTA,OK,,confianca ALTA,IMPORTAR INATIVO - AGUARDA PRECO DE VENDA,NAO,AVISTA + FATURADO,2026-09-01,DJI SUBDEALER V16.2,,,,,DJI-075,CATEGORIA PENDENTE,ALTA,,"CRIAR CATEGORIA: (mistura relay, bastao, radio, resfriador — precisa ser quebrada)",JA CADASTRADA,price_list,DJI,TABELA SUBDEALER,V16.2,PRODUTOS!DJI-075,,,
SIM,DJI-076,TRIPE P/ RELAY E RTK (1980),TRIPE P/ RELAY E RTK (1980),1980,DJI,DEMAIS ITENS DJI AGRICULTURE,UN,899,935,,,,SEM_PRECO,DJI SUBDEALER V16.2,ALTA,OK,,confianca ALTA,IMPORTAR INATIVO - AGUARDA PRECO DE VENDA,NAO,AVISTA + FATURADO,2026-09-01,DJI SUBDEALER V16.2,,,,,DJI-076,CATEGORIA PENDENTE,ALTA,,"CRIAR CATEGORIA: (mistura relay, bastao, radio, resfriador — precisa ser quebrada)",JA CADASTRADA,price_list,DJI,TABELA SUBDEALER,V16.2,PRODUTOS!DJI-076,,,
SIM,DJI-077,TRIPE + BASTAO ORIGINAL DJI D-RTK 3,TRIPE + BASTAO ORIGINAL DJI D-RTK 3,,DJI,DEMAIS ITENS DJI AGRICULTURE,UN,2500,2600,,,,SEM_PRECO,DJI SUBDEALER V16.2,ALTA,OK,,confianca ALTA - confere com a planilha Excel 2026 (TRIPE D-RTK 2.500),IMPORTAR INATIVO - AGUARDA PRECO DE VENDA,NAO,AVISTA + FATURADO,2026-09-01,DJI SUBDEALER V16.2,,,,,DJI-077,CATEGORIA PENDENTE,ALTA,,"CRIAR CATEGORIA: (mistura relay, bastao, radio, resfriador — precisa ser quebrada)",JA CADASTRADA,price_list,DJI,TABELA SUBDEALER,V16.2,PRODUTOS!DJI-077,,,
SIM,DJI-078,TRIPE ORIGINAL DJI PARA D-RTK 2,TRIPE ORIGINAL DJI PARA D-RTK 2,,DJI,DEMAIS ITENS DJI AGRICULTURE,UN,1250,1300,,,,SEM_PRECO,DJI SUBDEALER V16.2,ALTA,OK,,confianca ALTA,IMPORTAR INATIVO - AGUARDA PRECO DE VENDA,NAO,AVISTA + FATURADO,2026-09-01,DJI SUBDEALER V16.2,,,,,DJI-078,CATEGORIA PENDENTE,ALTA,,"CRIAR CATEGORIA: (mistura relay, bastao, radio, resfriador — precisa ser quebrada)",JA CADASTRADA,price_list,DJI,TABELA SUBDEALER,V16.2,PRODUTOS!DJI-078,,,
SIM,DJI-079,CARREGADOR P/ BATERIA WB37,CARREGADOR P/ BATERIA WB37,,DJI,DEMAIS ITENS DJI AGRICULTURE,UN,670,750,,,,SEM_PRECO,DJI SUBDEALER V16.2,ALTA,OK,,confianca ALTA,IMPORTAR INATIVO - AGUARDA PRECO DE VENDA,NAO,AVISTA + FATURADO,2026-09-01,DJI SUBDEALER V16.2,,,,,DJI-079,CATEGORIA PENDENTE,ALTA,,"CRIAR CATEGORIA: (mistura relay, bastao, radio, resfriador — precisa ser quebrada)",JA CADASTRADA,price_list,DJI,TABELA SUBDEALER,V16.2,PRODUTOS!DJI-079,,,
SIM,DJI-080,FONTE 65W P/ WB37,FONTE 65W P/ WB37,,DJI,DEMAIS ITENS DJI AGRICULTURE,UN,390,450,,,,SEM_PRECO,DJI SUBDEALER V16.2,ALTA,OK,,confianca ALTA,IMPORTAR INATIVO - AGUARDA PRECO DE VENDA,NAO,AVISTA + FATURADO,2026-09-01,DJI SUBDEALER V16.2,,,,,DJI-080,CATEGORIA PENDENTE,ALTA,,"CRIAR CATEGORIA: (mistura relay, bastao, radio, resfriador — precisa ser quebrada)",JA CADASTRADA,price_list,DJI,TABELA SUBDEALER,V16.2,PRODUTOS!DJI-080,,,
SIM,DJI-081,BATERIA CONTROLE WB37,BATERIA CONTROLE WB37,,DJI,DEMAIS ITENS DJI AGRICULTURE,UN,630,670,,,,SEM_PRECO,DJI SUBDEALER V16.2,ALTA,OK,,confianca ALTA - confere com a planilha Excel 2026,IMPORTAR INATIVO - AGUARDA PRECO DE VENDA,NAO,AVISTA + FATURADO,2026-09-01,DJI SUBDEALER V16.2,,,,,DJI-081,CATEGORIA PENDENTE,ALTA,,"CRIAR CATEGORIA: (mistura relay, bastao, radio, resfriador — precisa ser quebrada)",JA CADASTRADA,price_list,DJI,TABELA SUBDEALER,V16.2,PRODUTOS!DJI-081,,,
SIM,DJI-082,RADIO CONTROLE T40/T50/T20P/T25,RADIO CONTROLE T40/T50/T20P/T25,,DJI,DEMAIS ITENS DJI AGRICULTURE,UN,11300,11700,,,,SEM_PRECO,DJI SUBDEALER V16.2,ALTA,OK,,confianca ALTA,IMPORTAR INATIVO - AGUARDA PRECO DE VENDA,NAO,AVISTA + FATURADO,2026-09-01,DJI SUBDEALER V16.2,,,,,DJI-082,CATEGORIA PENDENTE,ALTA,,"CRIAR CATEGORIA: (mistura relay, bastao, radio, resfriador — precisa ser quebrada)",JA CADASTRADA,price_list,DJI,TABELA SUBDEALER,V16.2,PRODUTOS!DJI-082,,,
SIM,DJI-083,RADIO CONTROLE T25P/T70P/T100,RADIO CONTROLE T25P/T70P/T100,,DJI,DEMAIS ITENS DJI AGRICULTURE,UN,14700,15200,,,,SEM_PRECO,DJI SUBDEALER V16.2,ALTA,OK,,confianca ALTA,IMPORTAR INATIVO - AGUARDA PRECO DE VENDA,NAO,AVISTA + FATURADO,2026-09-01,DJI SUBDEALER V16.2,,,,,DJI-083,CATEGORIA PENDENTE,ALTA,,"CRIAR CATEGORIA: (mistura relay, bastao, radio, resfriador — precisa ser quebrada)",JA CADASTRADA,price_list,DJI,TABELA SUBDEALER,V16.2,PRODUTOS!DJI-083,,,
SIM,DJI-084,CABO DJI ADAP DO CARREG C10000,CABO DJI ADAP DO CARREG C10000,,DJI,DEMAIS ITENS DJI AGRICULTURE,UN,950,988,,,,SEM_PRECO,DJI SUBDEALER V16.2,ALTA,OK,,confianca ALTA,IMPORTAR INATIVO - AGUARDA PRECO DE VENDA,NAO,AVISTA + FATURADO,2026-09-01,DJI SUBDEALER V16.2,,,,,DJI-084,CATEGORIA PENDENTE,ALTA,,"CRIAR CATEGORIA: (mistura relay, bastao, radio, resfriador — precisa ser quebrada)",JA CADASTRADA,price_list,DJI,TABELA SUBDEALER,V16.2,PRODUTOS!DJI-084,,,
SIM,DJI-085,RESFRIADOR DE BATERIAS T100/T70P,RESFRIADOR DE BATERIAS T100/T70P,,DJI,DEMAIS ITENS DJI AGRICULTURE,UN,999,1099,,,,SEM_PRECO,DJI SUBDEALER V16.2,ALTA,OK,,confianca ALTA,IMPORTAR INATIVO - AGUARDA PRECO DE VENDA,NAO,AVISTA + FATURADO,2026-09-01,DJI SUBDEALER V16.2,,,,,DJI-085,CATEGORIA PENDENTE,ALTA,,"CRIAR CATEGORIA: (mistura relay, bastao, radio, resfriador — precisa ser quebrada)",JA CADASTRADA,price_list,DJI,TABELA SUBDEALER,V16.2,PRODUTOS!DJI-085,,,
SIM,DJI-087,DISPERSOR DE SOLIDOS T100,DISPERSOR DE SOLIDOS T100,,DJI,DISPERSOR DE SOLIDOS,UN,12220,12500,,,,SEM_PRECO,DJI SUBDEALER V16.2,ALTA,OK,,"REGISTRO CANONICO V4: conferido visualmente no bloco DISPERSOR DE SOLIDOS do PDF DJI. Corrige a associacao anterior de 16.500/16.990, que pertence ao KIT DE PULVERIZACAO DJI T100.",IMPORTAR INATIVO - AGUARDA PRECO DE VENDA,NAO,AVISTA + FATURADO,2026-09-01,PDF DJI SUBDEALER V16.2,12220,12500,DIV-V4-01: valor a vista/faturado lido diretamente do PDF DJI; a linha Excel original tinha o faturado copiado como 12.220.,DEFINIR PRECO DE VENDA,DJI-087,CATEGORIA PENDENTE,ALTA,,CRIAR CATEGORIA: Implementos para Drone,JA CADASTRADA,price_list,DJI,TABELA SUBDEALER,V16.2,PDF DJI V16.2 | DISPERSOR DE SOLIDOS | T100,,0.08,
SIM,JR-001,DRONE MIX 130L LT NEW 2x18lpm 12volts,DRONE MIX 130L LT NEW 2x18lpm 12volts,1296,JR SOLUÇÕES,12 VOLTS,UN,5600,,8200,,,SUGERIDO,JR SOLUÇÕES JAN/26,ALTA,OK,,NCM 84368000 | PDF JR rotula este valor como REVENDAS; a condicao de pagamento nao e declarada pela fonte.,IMPORTAR INATIVO - AGUARDA PRECO DE VENDA,NAO,AVISTA,2026-09-01,TABELA REV JAN/26 | coluna REVENDAS (condicao de pagamento nao informada),,,,,JR-001,MARCA A CADASTRAR (JR SOLUÇÕES),,Pulverização,MAPEADA,CADASTRAR ANTES DA CARGA,price_list,JR SOLUÇÕES,TABELA REV JR,JAN/26,PRODUTOS!JR-001,84368000,,5600
SIM,JR-002,DRONE MIX 200L LT NEW 2x26lpm 12volts,DRONE MIX 200L LT NEW 2x26lpm 12volts,1363,JR SOLUÇÕES,12 VOLTS,UN,6900,,9900,,,SUGERIDO,JR SOLUÇÕES JAN/26,ALTA,OK,,NCM 84368000 | PDF JR rotula este valor como REVENDAS; a condicao de pagamento nao e declarada pela fonte.,IMPORTAR INATIVO - AGUARDA PRECO DE VENDA,NAO,AVISTA,2026-09-01,TABELA REV JAN/26 | coluna REVENDAS (condicao de pagamento nao informada),,,,,JR-002,MARCA A CADASTRAR (JR SOLUÇÕES),,Pulverização,MAPEADA,CADASTRAR ANTES DA CARGA,price_list,JR SOLUÇÕES,TABELA REV JR,JAN/26,PRODUTOS!JR-002,84368000,,6900
SIM,JR-003,DRONE FEEDER 500 - 220Volts,DRONE FEEDER 500 - 220Volts,2141,JR SOLUÇÕES,ABASTECEDOR DE SOLIDOS,UN,11700,,16900,,,SUGERIDO,JR SOLUÇÕES JAN/26,ALTA,OK,,NCM 84368000 | PDF JR rotula este valor como REVENDAS; a condicao de pagamento nao e declarada pela fonte.,IMPORTAR INATIVO - AGUARDA PRECO DE VENDA,NAO,AVISTA,2026-09-01,TABELA REV JAN/26 | coluna REVENDAS (condicao de pagamento nao informada),,,,,JR-003,MARCA A CADASTRAR (JR SOLUÇÕES); CATEGORIA PENDENTE,,,CRIAR CATEGORIA: Implementos para Drone,CADASTRAR ANTES DA CARGA,price_list,JR SOLUÇÕES,TABELA REV JR,JAN/26,PRODUTOS!JR-003,84368000,,11700
SIM,JR-004,DRONE MIX 130L LE Agitacao Hidraulica 220Volts,DRONE MIX 130L LE Agitacao Hidraulica 220Volts,1243,JR SOLUÇÕES,LINHA LE - AGITACAO HIDRAULICA,UN,5600,,8200,,,SUGERIDO,JR SOLUÇÕES JAN/26,ALTA,OK,,NCM 84368000 | PDF JR rotula este valor como REVENDAS; a condicao de pagamento nao e declarada pela fonte.,IMPORTAR INATIVO - AGUARDA PRECO DE VENDA,NAO,AVISTA,2026-09-01,TABELA REV JAN/26 | coluna REVENDAS (condicao de pagamento nao informada),,,,,JR-004,MARCA A CADASTRAR (JR SOLUÇÕES),,Pulverização,MAPEADA,CADASTRAR ANTES DA CARGA,price_list,JR SOLUÇÕES,TABELA REV JR,JAN/26,PRODUTOS!JR-004,84368000,,5600
SIM,JR-005,DRONE MIX 200L LE Agitacao Hidraulica 220Volts,DRONE MIX 200L LE Agitacao Hidraulica 220Volts,1361,JR SOLUÇÕES,LINHA LE - AGITACAO HIDRAULICA,UN,6200,,9500,,,SUGERIDO,JR SOLUÇÕES JAN/26,ALTA,OK,,NCM 84368000 | PDF JR rotula este valor como REVENDAS; a condicao de pagamento nao e declarada pela fonte.,IMPORTAR INATIVO - AGUARDA PRECO DE VENDA,NAO,AVISTA,2026-09-01,TABELA REV JAN/26 | coluna REVENDAS (condicao de pagamento nao informada),,,,,JR-005,MARCA A CADASTRAR (JR SOLUÇÕES),,Pulverização,MAPEADA,CADASTRAR ANTES DA CARGA,price_list,JR SOLUÇÕES,TABELA REV JR,JAN/26,PRODUTOS!JR-005,84368000,,6200
SIM,JR-006,DRONE MIX 320L LE Agitacao Hidraulica 220Volts,DRONE MIX 320L LE Agitacao Hidraulica 220Volts,1240,JR SOLUÇÕES,LINHA LE - AGITACAO HIDRAULICA,UN,6800,,10200,,,SUGERIDO,JR SOLUÇÕES JAN/26,ALTA,OK,,NCM 84368000 | PDF JR rotula este valor como REVENDAS; a condicao de pagamento nao e declarada pela fonte.,IMPORTAR INATIVO - AGUARDA PRECO DE VENDA,NAO,AVISTA,2026-09-01,TABELA REV JAN/26 | coluna REVENDAS (condicao de pagamento nao informada),,,,,JR-006,MARCA A CADASTRAR (JR SOLUÇÕES),,Pulverização,MAPEADA,CADASTRAR ANTES DA CARGA,price_list,JR SOLUÇÕES,TABELA REV JR,JAN/26,PRODUTOS!JR-006,84368000,,6800
SIM,JR-007,DRONE MIX 320L XT VERTICAL Agitacao Hid + Rotor Superior 220Volts,DRONE MIX 320L XT VERTICAL Agitacao Hid + Rotor Superior 220Volts,1273,JR SOLUÇÕES,LINHA XT - AGITACAO HID + ROTACAO,UN,8400,,12600,,,SUGERIDO,JR SOLUÇÕES JAN/26,ALTA,OK,,NCM 84368000 | PDF JR rotula este valor como REVENDAS; a condicao de pagamento nao e declarada pela fonte.,IMPORTAR INATIVO - AGUARDA PRECO DE VENDA,NAO,AVISTA,2026-09-01,TABELA REV JAN/26 | coluna REVENDAS (condicao de pagamento nao informada),,,,,JR-007,MARCA A CADASTRAR (JR SOLUÇÕES),,Pulverização,MAPEADA,CADASTRAR ANTES DA CARGA,price_list,JR SOLUÇÕES,TABELA REV JR,JAN/26,PRODUTOS!JR-007,84368000,,8400
SIM,JR-008,DRONE MIX 320L XT VERTICAL Agitacao Hid + Rotor Superior TRIFASICO 380Volts,DRONE MIX 320L XT VERTICAL Agitacao Hid + Rotor Superior TRIFASICO 380Volts,1809,JR SOLUÇÕES,LINHA XT - AGITACAO HID + ROTACAO,UN,9400,,14100,,,SUGERIDO,JR SOLUÇÕES JAN/26,ALTA,OK,,NCM 84368000 | PDF JR rotula este valor como REVENDAS; a condicao de pagamento nao e declarada pela fonte.,IMPORTAR INATIVO - AGUARDA PRECO DE VENDA,NAO,AVISTA,2026-09-01,TABELA REV JAN/26 | coluna REVENDAS (condicao de pagamento nao informada),,,,,JR-008,MARCA A CADASTRAR (JR SOLUÇÕES),,Pulverização,MAPEADA,CADASTRAR ANTES DA CARGA,price_list,JR SOLUÇÕES,TABELA REV JR,JAN/26,PRODUTOS!JR-008,84368000,,9400
SIM,JR-009,DRONE MIX 600L XT VERTICAL Agitacao Hid + Rotor Superior 220Volts,DRONE MIX 600L XT VERTICAL Agitacao Hid + Rotor Superior 220Volts,1275,JR SOLUÇÕES,LINHA XT - AGITACAO HID + ROTACAO,UN,9700,,14500,,,SUGERIDO,JR SOLUÇÕES JAN/26,ALTA,OK,,NCM 84368000 | PDF JR rotula este valor como REVENDAS; a condicao de pagamento nao e declarada pela fonte.,IMPORTAR INATIVO - AGUARDA PRECO DE VENDA,NAO,AVISTA,2026-09-01,TABELA REV JAN/26 | coluna REVENDAS (condicao de pagamento nao informada),,,,,JR-009,MARCA A CADASTRAR (JR SOLUÇÕES),,Pulverização,MAPEADA,CADASTRAR ANTES DA CARGA,price_list,JR SOLUÇÕES,TABELA REV JR,JAN/26,PRODUTOS!JR-009,84368000,,9700
SIM,JR-010,DRONE MIX 600L XT VERTICAL Agitacao Hid + Rotor Superior TRIFASICO 380Volts,DRONE MIX 600L XT VERTICAL Agitacao Hid + Rotor Superior TRIFASICO 380Volts,2223,JR SOLUÇÕES,LINHA XT - AGITACAO HID + ROTACAO,UN,10700,,16000,,,SUGERIDO,JR SOLUÇÕES JAN/26,ALTA,OK,,NCM 84368000 | PDF JR rotula este valor como REVENDAS; a condicao de pagamento nao e declarada pela fonte.,IMPORTAR INATIVO - AGUARDA PRECO DE VENDA,NAO,AVISTA,2026-09-01,TABELA REV JAN/26 | coluna REVENDAS (condicao de pagamento nao informada),,,,,JR-010,MARCA A CADASTRAR (JR SOLUÇÕES),,Pulverização,MAPEADA,CADASTRAR ANTES DA CARGA,price_list,JR SOLUÇÕES,TABELA REV JR,JAN/26,PRODUTOS!JR-010,84368000,,10700
SIM,JR-011,DRONE MIX 320L LE PICKUP Agitacao Hidraulica 220Volts,DRONE MIX 320L LE PICKUP Agitacao Hidraulica 220Volts,2350,JR SOLUÇÕES,LINHA PICK UP,UN,6800,,10200,,,SUGERIDO,JR SOLUÇÕES JAN/26,ALTA,OK,,NCM 84368000 | PDF JR rotula este valor como REVENDAS; a condicao de pagamento nao e declarada pela fonte.,IMPORTAR INATIVO - AGUARDA PRECO DE VENDA,NAO,AVISTA,2026-09-01,TABELA REV JAN/26 | coluna REVENDAS (condicao de pagamento nao informada),,,,,JR-011,MARCA A CADASTRAR (JR SOLUÇÕES),,Pulverização,MAPEADA,CADASTRAR ANTES DA CARGA,price_list,JR SOLUÇÕES,TABELA REV JR,JAN/26,PRODUTOS!JR-011,84368000,,6800
SIM,JR-012,DRONE MIX 320L XT PICKUP Agitacao Hid + Rotor Superior 220Volts,DRONE MIX 320L XT PICKUP Agitacao Hid + Rotor Superior 220Volts,2324,JR SOLUÇÕES,LINHA PICK UP,UN,8400,,12600,,,SUGERIDO,JR SOLUÇÕES JAN/26,ALTA,OK,,NCM 84368000 | PDF JR rotula este valor como REVENDAS; a condicao de pagamento nao e declarada pela fonte.,IMPORTAR INATIVO - AGUARDA PRECO DE VENDA,NAO,AVISTA,2026-09-01,TABELA REV JAN/26 | coluna REVENDAS (condicao de pagamento nao informada),,,,,JR-012,MARCA A CADASTRAR (JR SOLUÇÕES),,Pulverização,MAPEADA,CADASTRAR ANTES DA CARGA,price_list,JR SOLUÇÕES,TABELA REV JR,JAN/26,PRODUTOS!JR-012,84368000,,8400
SIM,JR-013,DRONE MIX 600L LE 1.5 PICKUP Agitacao Hidraulica 220Volts,DRONE MIX 600L LE 1.5 PICKUP Agitacao Hidraulica 220Volts,2362,JR SOLUÇÕES,LINHA PICK UP,UN,8900,,13350,,,SUGERIDO,JR SOLUÇÕES JAN/26,ALTA,OK,,NCM 84368000 | PDF JR rotula este valor como REVENDAS; a condicao de pagamento nao e declarada pela fonte.,IMPORTAR INATIVO - AGUARDA PRECO DE VENDA,NAO,AVISTA,2026-09-01,TABELA REV JAN/26 | coluna REVENDAS (condicao de pagamento nao informada),,,,,JR-013,MARCA A CADASTRAR (JR SOLUÇÕES),,Pulverização,MAPEADA,CADASTRAR ANTES DA CARGA,price_list,JR SOLUÇÕES,TABELA REV JR,JAN/26,PRODUTOS!JR-013,84368000,,8900
SIM,JR-014,DRONE MIX 600L XT 1.5 PICKUP Agitacao Hid + Rotor Superior 220Volts,DRONE MIX 600L XT 1.5 PICKUP Agitacao Hid + Rotor Superior 220Volts,2353,JR SOLUÇÕES,LINHA PICK UP,UN,10700,,16000,,,SUGERIDO,JR SOLUÇÕES JAN/26,ALTA,OK,,NCM 84368000 | PDF JR rotula este valor como REVENDAS; a condicao de pagamento nao e declarada pela fonte.,IMPORTAR INATIVO - AGUARDA PRECO DE VENDA,NAO,AVISTA,2026-09-01,TABELA REV JAN/26 | coluna REVENDAS (condicao de pagamento nao informada),,,,,JR-014,MARCA A CADASTRAR (JR SOLUÇÕES),,Pulverização,MAPEADA,CADASTRAR ANTES DA CARGA,price_list,JR SOLUÇÕES,TABELA REV JR,JAN/26,PRODUTOS!JR-014,84368000,,10700
SIM,JR-017,DRONE MIX 600L LE 1.5 PICKUP Agitacao Hid TRIFASICO 380V,DRONE MIX 600L LE 1.5 PICKUP Agitacao Hid TRIFASICO 380V,2363,JR SOLUÇÕES,LINHA PICK UP,UN,10700,,16000,,,SUGERIDO,JR SOLUÇÕES JAN/26,ALTA,OK,,NCM 84368000 | PDF JR rotula este valor como REVENDAS; a condicao de pagamento nao e declarada pela fonte.,IMPORTAR INATIVO - AGUARDA PRECO DE VENDA,NAO,AVISTA,2026-09-01,TABELA REV JAN/26 | coluna REVENDAS (condicao de pagamento nao informada),,,,,JR-017,MARCA A CADASTRAR (JR SOLUÇÕES),,Pulverização,MAPEADA,CADASTRAR ANTES DA CARGA,price_list,JR SOLUÇÕES,TABELA REV JR,JAN/26,PRODUTOS!JR-017,84368000,,10700
SIM,JR-018,DRONE MIX 600L XT 1.5 PICKUP Agitacao Hid + Rotacao TRIFASICO 380V,DRONE MIX 600L XT 1.5 PICKUP Agitacao Hid + Rotacao TRIFASICO 380V,2354,JR SOLUÇÕES,LINHA PICK UP,UN,12900,,19350,,,SUGERIDO,JR SOLUÇÕES JAN/26,ALTA,OK,,NCM 84368000 | PDF JR rotula este valor como REVENDAS; a condicao de pagamento nao e declarada pela fonte.,IMPORTAR INATIVO - AGUARDA PRECO DE VENDA,NAO,AVISTA,2026-09-01,TABELA REV JAN/26 | coluna REVENDAS (condicao de pagamento nao informada),,,,,JR-018,MARCA A CADASTRAR (JR SOLUÇÕES),,Pulverização,MAPEADA,CADASTRAR ANTES DA CARGA,price_list,JR SOLUÇÕES,TABELA REV JR,JAN/26,PRODUTOS!JR-018,84368000,,12900
SIM,JR-019,DRONE MIX 320L GT Agitacao por MotoBomba a Gasolina INOX,DRONE MIX 320L GT Agitacao por MotoBomba a Gasolina INOX,1426,JR SOLUÇÕES,LINHA MOTOBOMBA,UN,11000,,16000,,,SUGERIDO,JR SOLUÇÕES JAN/26,ALTA,OK,,NCM 84368000 | PDF JR rotula este valor como REVENDAS; a condicao de pagamento nao e declarada pela fonte.,IMPORTAR INATIVO - AGUARDA PRECO DE VENDA,NAO,AVISTA,2026-09-01,TABELA REV JAN/26 | coluna REVENDAS (condicao de pagamento nao informada),,,,,JR-019,MARCA A CADASTRAR (JR SOLUÇÕES),,Pulverização,MAPEADA,CADASTRAR ANTES DA CARGA,price_list,JR SOLUÇÕES,TABELA REV JR,JAN/26,PRODUTOS!JR-019,84368000,,11000
SIM,JR-020,DRONE MIX 600L GT Agitacao por MotoBomba a Gasolina INOX,DRONE MIX 600L GT Agitacao por MotoBomba a Gasolina INOX,1427,JR SOLUÇÕES,LINHA MOTOBOMBA,UN,12300,,17200,,,SUGERIDO,JR SOLUÇÕES JAN/26,ALTA,OK,,NCM 84368000 | PDF JR rotula este valor como REVENDAS; a condicao de pagamento nao e declarada pela fonte.,IMPORTAR INATIVO - AGUARDA PRECO DE VENDA,NAO,AVISTA,2026-09-01,TABELA REV JAN/26 | coluna REVENDAS (condicao de pagamento nao informada),,,,,JR-020,MARCA A CADASTRAR (JR SOLUÇÕES),,Pulverização,MAPEADA,CADASTRAR ANTES DA CARGA,price_list,JR SOLUÇÕES,TABELA REV JR,JAN/26,PRODUTOS!JR-020,84368000,,12300
SIM,JR-021,DRONE MIX 1.200L GT Agitacao por MotoBomba a Gasolina INOX,DRONE MIX 1.200L GT Agitacao por MotoBomba a Gasolina INOX,2380,JR SOLUÇÕES,LINHA MOTOBOMBA,UN,15900,,23900,,,SUGERIDO,JR SOLUÇÕES JAN/26,ALTA,OK,,NCM 84368000 | PDF JR rotula este valor como REVENDAS; a condicao de pagamento nao e declarada pela fonte.,IMPORTAR INATIVO - AGUARDA PRECO DE VENDA,NAO,AVISTA,2026-09-01,TABELA REV JAN/26 | coluna REVENDAS (condicao de pagamento nao informada),,,,,JR-021,MARCA A CADASTRAR (JR SOLUÇÕES),,Pulverização,MAPEADA,CADASTRAR ANTES DA CARGA,price_list,JR SOLUÇÕES,TABELA REV JR,JAN/26,PRODUTOS!JR-021,84368000,,15900
SIM,JR-022,DRONE MIX 320L DTE Agitacao por MotoBomba a Diesel INOX com Partida,DRONE MIX 320L DTE Agitacao por MotoBomba a Diesel INOX com Partida,1497,JR SOLUÇÕES,LINHA MOTOBOMBA,UN,15900,,21500,,,SUGERIDO,JR SOLUÇÕES JAN/26,ALTA,OK,,NCM 84368000 | PDF JR rotula este valor como REVENDAS; a condicao de pagamento nao e declarada pela fonte.,IMPORTAR INATIVO - AGUARDA PRECO DE VENDA,NAO,AVISTA,2026-09-01,TABELA REV JAN/26 | coluna REVENDAS (condicao de pagamento nao informada),,,,,JR-022,MARCA A CADASTRAR (JR SOLUÇÕES),,Pulverização,MAPEADA,CADASTRAR ANTES DA CARGA,price_list,JR SOLUÇÕES,TABELA REV JR,JAN/26,PRODUTOS!JR-022,84368000,,15900
SIM,JR-023,DRONE MIX 600L DTE Agitacao por MotoBomba a Diesel INOX com Partida,DRONE MIX 600L DTE Agitacao por MotoBomba a Diesel INOX com Partida,1498,JR SOLUÇÕES,LINHA MOTOBOMBA,UN,17000,,22900,,,SUGERIDO,JR SOLUÇÕES JAN/26,ALTA,OK,,NCM 84368000 | PDF JR rotula este valor como REVENDAS; a condicao de pagamento nao e declarada pela fonte.,IMPORTAR INATIVO - AGUARDA PRECO DE VENDA,NAO,AVISTA,2026-09-01,TABELA REV JAN/26 | coluna REVENDAS (condicao de pagamento nao informada),,,,,JR-023,MARCA A CADASTRAR (JR SOLUÇÕES),,Pulverização,MAPEADA,CADASTRAR ANTES DA CARGA,price_list,JR SOLUÇÕES,TABELA REV JR,JAN/26,PRODUTOS!JR-023,84368000,,17000
SIM,JR-024,DRONE MIX 1.200L DTE Agitacao por MotoBomba a Diesel INOX com Partida,DRONE MIX 1.200L DTE Agitacao por MotoBomba a Diesel INOX com Partida,,JR SOLUÇÕES,LINHA MOTOBOMBA,UN,20800,,31200,,,SUGERIDO,JR SOLUÇÕES JAN/26,ALTA,OK,,NCM 84368000 | PDF JR rotula este valor como REVENDAS; a condicao de pagamento nao e declarada pela fonte.,IMPORTAR INATIVO - AGUARDA PRECO DE VENDA,NAO,AVISTA,2026-09-01,TABELA REV JAN/26 | coluna REVENDAS (condicao de pagamento nao informada),,,,,JR-024,MARCA A CADASTRAR (JR SOLUÇÕES); SEM CODIGO DE FABRICA,,Pulverização,MAPEADA,CADASTRAR ANTES DA CARGA,price_list,JR SOLUÇÕES,TABELA REV JR,JAN/26,PRODUTOS!JR-024,84368000,,20800
SIM,JR-025,DRONE MIX 1.200 XP 2.0 Agitacao Hidraulica 220Volts,DRONE MIX 1.200 XP 2.0 Agitacao Hidraulica 220Volts,2375,JR SOLUÇÕES,LINHA XP,UN,14000,,21000,,,SUGERIDO,JR SOLUÇÕES JAN/26,ALTA,OK,,NCM 84368000 | PDF JR rotula este valor como REVENDAS; a condicao de pagamento nao e declarada pela fonte.,IMPORTAR INATIVO - AGUARDA PRECO DE VENDA,NAO,AVISTA,2026-09-01,TABELA REV JAN/26 | coluna REVENDAS (condicao de pagamento nao informada),,,,,JR-025,MARCA A CADASTRAR (JR SOLUÇÕES),,Pulverização,MAPEADA,CADASTRAR ANTES DA CARGA,price_list,JR SOLUÇÕES,TABELA REV JR,JAN/26,PRODUTOS!JR-025,84368000,,14000
SIM,JR-026,DRONE MIX 1.200 XP 2.0 Agitacao Hidraulica 220Volts TRIFASICO 380V,DRONE MIX 1.200 XP 2.0 Agitacao Hidraulica 220Volts TRIFASICO 380V,2364,JR SOLUÇÕES,LINHA XP,UN,15500,,23300,,,SUGERIDO,JR SOLUÇÕES JAN/26,ALTA,OK,,NCM 84368000 | PDF JR rotula este valor como REVENDAS; a condicao de pagamento nao e declarada pela fonte.,IMPORTAR INATIVO - AGUARDA PRECO DE VENDA,NAO,AVISTA,2026-09-01,TABELA REV JAN/26 | coluna REVENDAS (condicao de pagamento nao informada),,,,,JR-026,MARCA A CADASTRAR (JR SOLUÇÕES),,Pulverização,MAPEADA,CADASTRAR ANTES DA CARGA,price_list,JR SOLUÇÕES,TABELA REV JR,JAN/26,PRODUTOS!JR-026,84368000,,15500
SIM,JR-027,INCORPORADOR DE DEFENSIVOS JET DRONE 20,INCORPORADOR DE DEFENSIVOS JET DRONE 20,1616,JR SOLUÇÕES,INCORPORADOR,UN,3400,,4700,,,SUGERIDO,JR SOLUÇÕES JAN/26,ALTA,OK,,NCM 84368000 | PDF JR rotula este valor como REVENDAS; a condicao de pagamento nao e declarada pela fonte.,IMPORTAR INATIVO - AGUARDA PRECO DE VENDA,NAO,AVISTA,2026-09-01,TABELA REV JAN/26 | coluna REVENDAS (condicao de pagamento nao informada),,,,,JR-027,MARCA A CADASTRAR (JR SOLUÇÕES),,Pulverização,MAPEADA,CADASTRAR ANTES DA CARGA,price_list,JR SOLUÇÕES,TABELA REV JR,JAN/26,PRODUTOS!JR-027,84368000,,3400
SIM,JR-028,TANQUE DE AGUA LIMPA 270L com 8lts de Potavel PickUp,TANQUE DE AGUA LIMPA 270L com 8lts de Potavel PickUp,1781,JR SOLUÇÕES,TANQUES DE AGUA LIMPA,UN,1050,,1600,,,SUGERIDO,JR SOLUÇÕES JAN/26,ALTA,OK,,NCM 84369000 | PDF JR rotula este valor como REVENDAS; a condicao de pagamento nao e declarada pela fonte.,IMPORTAR INATIVO - AGUARDA PRECO DE VENDA,NAO,AVISTA,2026-09-01,TABELA REV JAN/26 | coluna REVENDAS (condicao de pagamento nao informada),,,,,JR-028,MARCA A CADASTRAR (JR SOLUÇÕES),,Pulverização,MAPEADA,CADASTRAR ANTES DA CARGA,price_list,JR SOLUÇÕES,TABELA REV JR,JAN/26,PRODUTOS!JR-028,84369000,,1050
SIM,JR-029,TANQUE DE AGUA LIMPA 410L com 8lts de Potavel PickUp,TANQUE DE AGUA LIMPA 410L com 8lts de Potavel PickUp,2189,JR SOLUÇÕES,TANQUES DE AGUA LIMPA,UN,1450,,2000,,,SUGERIDO,JR SOLUÇÕES JAN/26,ALTA,OK,,NCM 84369000 | PDF JR rotula este valor como REVENDAS; a condicao de pagamento nao e declarada pela fonte.,IMPORTAR INATIVO - AGUARDA PRECO DE VENDA,NAO,AVISTA,2026-09-01,TABELA REV JAN/26 | coluna REVENDAS (condicao de pagamento nao informada),,,,,JR-029,MARCA A CADASTRAR (JR SOLUÇÕES),,Pulverização,MAPEADA,CADASTRAR ANTES DA CARGA,price_list,JR SOLUÇÕES,TABELA REV JR,JAN/26,PRODUTOS!JR-029,84369000,,1450
SIM,JR-030,BICO DE ABASTECIMENTO TIPO POSTO DE GASOLINA,BICO DE ABASTECIMENTO TIPO POSTO DE GASOLINA,1738,JR SOLUÇÕES,ACESSORIOS DIVERSOS,UN,220,,330,,,SUGERIDO,JR SOLUÇÕES JAN/26,ALTA,OK,,NCM 84818099 | PDF JR rotula este valor como REVENDAS; a condicao de pagamento nao e declarada pela fonte.,IMPORTAR INATIVO - AGUARDA PRECO DE VENDA,NAO,AVISTA,2026-09-01,TABELA REV JAN/26 | coluna REVENDAS (condicao de pagamento nao informada),,,,,JR-030,MARCA A CADASTRAR (JR SOLUÇÕES),,Acessórios,MAPEADA,CADASTRAR ANTES DA CARGA,price_list,JR SOLUÇÕES,TABELA REV JR,JAN/26,PRODUTOS!JR-030,84818099,,220
SIM,JR-031,BICO DE ABASTECIMENTO TIPO POSTO DE GASOLINA COM FLUXOMETRO,BICO DE ABASTECIMENTO TIPO POSTO DE GASOLINA COM FLUXOMETRO,1739,JR SOLUÇÕES,ACESSORIOS DIVERSOS,UN,360,,540,,,SUGERIDO,JR SOLUÇÕES JAN/26,ALTA,OK,,NCM 84818099 | PDF JR rotula este valor como REVENDAS; a condicao de pagamento nao e declarada pela fonte.,IMPORTAR INATIVO - AGUARDA PRECO DE VENDA,NAO,AVISTA,2026-09-01,TABELA REV JAN/26 | coluna REVENDAS (condicao de pagamento nao informada),,,,,JR-031,MARCA A CADASTRAR (JR SOLUÇÕES),,Acessórios,MAPEADA,CADASTRAR ANTES DA CARGA,price_list,JR SOLUÇÕES,TABELA REV JR,JAN/26,PRODUTOS!JR-031,84818099,,360
SIM,JR-032,MEDIDOR DE FLUXO DIGITAL,MEDIDOR DE FLUXO DIGITAL,879,JR SOLUÇÕES,ACESSORIOS DIVERSOS,UN,300,,450,,,SUGERIDO,JR SOLUÇÕES JAN/26,ALTA,OK,,NCM 90282010 | PDF JR rotula este valor como REVENDAS; a condicao de pagamento nao e declarada pela fonte.,IMPORTAR INATIVO - AGUARDA PRECO DE VENDA,NAO,AVISTA,2026-09-01,TABELA REV JAN/26 | coluna REVENDAS (condicao de pagamento nao informada),,,,,JR-032,MARCA A CADASTRAR (JR SOLUÇÕES),,Acessórios,MAPEADA,CADASTRAR ANTES DA CARGA,price_list,JR SOLUÇÕES,TABELA REV JR,JAN/26,PRODUTOS!JR-032,90282010,,300
SIM,JR-033,SISTEMA DE AQUECIMENTO PARA OS AGUA LIMPA DE 270 OU 410L,SISTEMA DE AQUECIMENTO PARA OS AGUA LIMPA DE 270 OU 410L,2211,JR SOLUÇÕES,ACESSORIOS DIVERSOS,UN,750,,1100,,,SUGERIDO,JR SOLUÇÕES JAN/26,ALTA,OK,,NCM não informado na tabela | PDF JR rotula este valor como REVENDAS; a condicao de pagamento nao e declarada pela fonte. | CORRECAO V5: NCM nao informado na tabela JR; campo fiscal fica vazio (vazio = nao informado).,IMPORTAR INATIVO - AGUARDA PRECO DE VENDA,NAO,AVISTA,2026-09-01,TABELA REV JAN/26 | coluna REVENDAS (condicao de pagamento nao informada),,,,,JR-033,MARCA A CADASTRAR (JR SOLUÇÕES),,Acessórios,MAPEADA,CADASTRAR ANTES DA CARGA,price_list,JR SOLUÇÕES,TABELA REV JR,JAN/26,PRODUTOS!JR-033,,,750
SIM,JR-034,"BASE COM CARRETEL RETRATIL 15 METROS MANGUEIRA DE 3/4""","BASE COM CARRETEL RETRATIL 15 METROS MANGUEIRA DE 3/4""",,JR SOLUÇÕES,ACESSORIOS DIVERSOS,UN,6425,,8795,,,SUGERIDO,JR SOLUÇÕES JAN/26,ALTA,OK,,NCM não informado na tabela | PDF JR rotula este valor como REVENDAS; a condicao de pagamento nao e declarada pela fonte. | CORRECAO V5: NCM nao informado na tabela JR; campo fiscal fica vazio (vazio = nao informado).,IMPORTAR INATIVO - AGUARDA PRECO DE VENDA,NAO,AVISTA,2026-09-01,TABELA REV JAN/26 | coluna REVENDAS (condicao de pagamento nao informada),,,,,JR-034,MARCA A CADASTRAR (JR SOLUÇÕES); SEM CODIGO DE FABRICA,,Acessórios,MAPEADA,CADASTRAR ANTES DA CARGA,price_list,JR SOLUÇÕES,TABELA REV JR,JAN/26,PRODUTOS!JR-034,,,6425
SIM,JR-035,RACK PARA TRANSPORTE DE DRONE (SAVEIRO 1867 OU STRADA 1957),RACK PARA TRANSPORTE DE DRONE (SAVEIRO 1867 OU STRADA 1957),,JR SOLUÇÕES,ACESSORIOS DIVERSOS,UN,2300,,3200,,,SUGERIDO,JR SOLUÇÕES JAN/26,ALTA,OK,,NCM 84329000 | PDF JR rotula este valor como REVENDAS; a condicao de pagamento nao e declarada pela fonte.,IMPORTAR INATIVO - AGUARDA PRECO DE VENDA,NAO,AVISTA,2026-09-01,TABELA REV JAN/26 | coluna REVENDAS (condicao de pagamento nao informada),,,,,JR-035,MARCA A CADASTRAR (JR SOLUÇÕES); SEM CODIGO DE FABRICA,,Acessórios,MAPEADA,CADASTRAR ANTES DA CARGA,price_list,JR SOLUÇÕES,TABELA REV JR,JAN/26,PRODUTOS!JR-035,84329000,,2300
SIM,JR-036,Estrutura de Trabalho DroneMix PickUp com uma prat (BASE OPERACIONAL),Estrutura de Trabalho DroneMix PickUp com uma prat (BASE OPERACIONAL),1866,JR SOLUÇÕES,ACESSORIOS DIVERSOS,UN,6450,,9525,,,SUGERIDO,JR SOLUÇÕES JAN/26,ALTA,OK,,NCM 84329000 | PDF JR rotula este valor como REVENDAS; a condicao de pagamento nao e declarada pela fonte.,IMPORTAR INATIVO - AGUARDA PRECO DE VENDA,NAO,AVISTA,2026-09-01,TABELA REV JAN/26 | coluna REVENDAS (condicao de pagamento nao informada),,,,,JR-036,MARCA A CADASTRAR (JR SOLUÇÕES),,Acessórios,MAPEADA,CADASTRAR ANTES DA CARGA,price_list,JR SOLUÇÕES,TABELA REV JR,JAN/26,PRODUTOS!JR-036,84329000,,6450
SIM,JR-037,Prateleira Lateral extra (PARA BASE DE OPERACAO PICK UP),Prateleira Lateral extra (PARA BASE DE OPERACAO PICK UP),1831,JR SOLUÇÕES,ACESSORIOS DIVERSOS,UN,550,,825,,,SUGERIDO,JR SOLUÇÕES JAN/26,ALTA,OK,,NCM 84329000 | PDF JR rotula este valor como REVENDAS; a condicao de pagamento nao e declarada pela fonte.,IMPORTAR INATIVO - AGUARDA PRECO DE VENDA,NAO,AVISTA,2026-09-01,TABELA REV JAN/26 | coluna REVENDAS (condicao de pagamento nao informada),,,,,JR-037,MARCA A CADASTRAR (JR SOLUÇÕES),,Acessórios,MAPEADA,CADASTRAR ANTES DA CARGA,price_list,JR SOLUÇÕES,TABELA REV JR,JAN/26,PRODUTOS!JR-037,84329000,,550
SIM,JR-038,"TANQUE PRE MIX 200 CONEXOES EM 2""","TANQUE PRE MIX 200 CONEXOES EM 2""",2338,JR SOLUÇÕES,PRE-MIX (SEM MOTOBOMBA),UN,5100,,7300,,,SUGERIDO,JR SOLUÇÕES JAN/26,ALTA,OK,,NCM 84368000 | PDF JR rotula este valor como REVENDAS; a condicao de pagamento nao e declarada pela fonte.,IMPORTAR INATIVO - AGUARDA PRECO DE VENDA,NAO,AVISTA,2026-09-01,TABELA REV JAN/26 | coluna REVENDAS (condicao de pagamento nao informada),,,,,JR-038,MARCA A CADASTRAR (JR SOLUÇÕES),,Pulverização,MAPEADA,CADASTRAR ANTES DA CARGA,price_list,JR SOLUÇÕES,TABELA REV JR,JAN/26,PRODUTOS!JR-038,84368000,,5100
SIM,JR-039,"TANQUE PRE MIX 320 CONEXOES EM 2""","TANQUE PRE MIX 320 CONEXOES EM 2""",2008,JR SOLUÇÕES,PRE-MIX (SEM MOTOBOMBA),UN,5600,,7700,,,SUGERIDO,JR SOLUÇÕES JAN/26,ALTA,OK,,NCM 84368000 | PDF JR rotula este valor como REVENDAS; a condicao de pagamento nao e declarada pela fonte.,IMPORTAR INATIVO - AGUARDA PRECO DE VENDA,NAO,AVISTA,2026-09-01,TABELA REV JAN/26 | coluna REVENDAS (condicao de pagamento nao informada),,,,,JR-039,MARCA A CADASTRAR (JR SOLUÇÕES),,Pulverização,MAPEADA,CADASTRAR ANTES DA CARGA,price_list,JR SOLUÇÕES,TABELA REV JR,JAN/26,PRODUTOS!JR-039,84368000,,5600
SIM,JR-040,"TANQUE PRE MIX 600 CONEXOES EM 2""","TANQUE PRE MIX 600 CONEXOES EM 2""",2237,JR SOLUÇÕES,PRE-MIX (SEM MOTOBOMBA),UN,7000,,10500,,,SUGERIDO,JR SOLUÇÕES JAN/26,ALTA,OK,,NCM 84368000 | PDF JR rotula este valor como REVENDAS; a condicao de pagamento nao e declarada pela fonte.,IMPORTAR INATIVO - AGUARDA PRECO DE VENDA,NAO,AVISTA,2026-09-01,TABELA REV JAN/26 | coluna REVENDAS (condicao de pagamento nao informada),,,,,JR-040,MARCA A CADASTRAR (JR SOLUÇÕES),,Pulverização,MAPEADA,CADASTRAR ANTES DA CARGA,price_list,JR SOLUÇÕES,TABELA REV JR,JAN/26,PRODUTOS!JR-040,84368000,,7000
