PRODUTO_ID_ORIGEM,NOME_ORIGINAL,RESULTADO,PRODUTO_CONSOLIDADO,NOME_CONSOLIDADO,DUPLICADO_DE,MOTIVO,FONTE_ORIGINAL,FONTE_CONSOLIDADA,CONFIANCA,LINHA_NA_PLANILHA_ORIGINAL,OBSERVACAO,TIPO_REGISTRO
EXC-001,"BASTÃO 4,6M",MANTIDO FORA DA CARGA,,,,FONTE COMERCIAL PENDENTE,EXCEL 2026 (custo),,CONFERIR,PRODUTOS linha 2,V4: item de planilha interna sem catalogo/nota comercial e sem codigo de fabricante confirmado; nao integrar.,ORIGEM
EXC-002,BATERIA D,MANTIDO FORA DA CARGA,EXC-002,BATERIA D,,LINHA ORFA,EXCEL 2026 (custo),EXCEL 2026 (custo),ALTA,PRODUTOS linha 3,"LINHA ORFA: ""BATERIA D"": rotulo truncado, aparece UMA unica vez nas 10 abas de kit e com quantidade ZERO - nunca foi usada em kit nenhum. O custo 9.170 e o mesmo valor repetido em DB800/DB1050/C8000, apontado pela propria planilha como digitacao repetida. Nao ha produto identificavel por tras da linha",ORIGEM
EXC-003,BATERIA D1050,CONSOLIDADO EM OUTRO,DJI-026,BATERIA T55 (DB1050),DJI-026,DUPLICIDADE,EXCEL 2026 (custo),DJI SUBDEALER V16.2,ALTA,PRODUTOS linha 4,DUPLICIDADE: BATERIA D1050 = DB1050: mesmo item. Preco diverge (9.170 x 9.050) - ver DIVERGENCIAS,ORIGEM
EXC-004,BATERIA DB2160,CONSOLIDADO EM OUTRO,DJI-023,BATERIA T100 / T70P (DB2160),DJI-023,DUPLICIDADE,EXCEL 2026 (custo),DJI SUBDEALER V16.2,ALTA,PRODUTOS linha 5,"DUPLICIDADE: BATERIA DB2160: a vista 18.330 e faturado 18.750 identicos nas duas fontes (teste EXCEL 2026 x DJI da aba CONFERENCIA) | divergência faturado: também R$ 18.330,00",ORIGEM
EXC-005,BATERIA DB800,CONSOLIDADO EM OUTRO,DJI-024,BATERIA T25P / T25 (DB800),DJI-024,DUPLICIDADE,EXCEL 2026 (custo),DJI SUBDEALER V16.2,ALTA,PRODUTOS linha 6,DUPLICIDADE: BATERIA DB800: mesmo item. Preco diverge (9.170 x 7.457) - ver DIVERGENCIAS,ORIGEM
EXC-006,BATERIA WB37,CONSOLIDADO EM OUTRO,DJI-081,BATERIA CONTROLE WB37,DJI-081,DUPLICIDADE,EXCEL 2026 (custo),DJI SUBDEALER V16.2,ALTA,PRODUTOS linha 7,DUPLICIDADE: BATERIA WB37: 630 identico nas duas fontes (teste da aba CONFERENCIA),ORIGEM
EXC-007,CABO CARREGADOR BATERIA 2600W,MANTIDO FORA DA CARGA,,,,FONTE COMERCIAL PENDENTE,EXCEL 2026 (custo),,CONFERIR,PRODUTOS linha 8,V4: item de planilha interna sem catalogo/nota comercial e sem codigo de fabricante confirmado; nao integrar.,ORIGEM
EXC-008,CARREGADOR 65W,CONSOLIDADO EM OUTRO,DJI-080,FONTE 65W P/ WB37,DJI-080,DUPLICIDADE,EXCEL 2026 (custo),DJI SUBDEALER V16.2,MEDIA,PRODUTOS linha 9,"DUPLICIDADE: CARREGADOR 65W = FONTE 65W P/ WB37. O bloco Excel 2026 e comprovadamente DJI a vista (a BATERIA WB37 do mesmo bloco bate em 630 ao centavo). Item unico na linha DJI; adotado o valor do catalogo oficial (390 a vista / 450 faturado), conforme a regra de consolidacao",ORIGEM
EXC-009,CARREGADOR BATERIA C12000,CONSOLIDADO EM OUTRO,DJI-031,CARREGADOR T100 / T70P (C12000),DJI-031,DUPLICIDADE,EXCEL 2026 (custo),DJI SUBDEALER V16.2,ALTA,PRODUTOS linha 10,"DUPLICIDADE: CARREGADOR C12000: faturado 12.500 identico; a vista 12.200 no Excel x 12.220 na DJI e inconsistencia interna do proprio Excel, ja registrada na coluna ALERTA | divergência à vista: também R$ 12.220,00; divergência faturado: também R$ 12.200,00",ORIGEM
EXC-010,CARREGADOR BATERIA C8000,CONSOLIDADO EM OUTRO,DJI-034,CARREGADOR T25P / T25 (C8000),DJI-034,DUPLICIDADE,EXCEL 2026 (custo),DJI SUBDEALER V16.2,ALTA,PRODUTOS linha 11,"DUPLICIDADE: CARREGADOR C8000: mesmo item. Preco diverge (9.170 x 8.100) - ver DIVERGENCIAS | divergência faturado: também R$ 8.170,00",ORIGEM
EXC-011,D-RTK 3 AG,CONSOLIDADO EM OUTRO,DJI-068,GNSS DJI BASE RTK DRTK3 AG,DJI-068,DUPLICIDADE - CATALOGO DJI CONFIRMADO,EXCEL 2026 (custo),DJI SUBDEALER V16.2,ALTA,PRODUTOS linha 12,V4: D-RTK 3 AG e o mesmo produto do DJI-068. O registro canonico esta confirmado e integra a carga inativa.,ORIGEM
EXC-012,DJI O4 RELAY,CONSOLIDADO EM OUTRO,DJI-072,RELAY O4 (MODELO NOVO),DJI-072,DUPLICIDADE,EXCEL 2026 (custo),DJI SUBDEALER V16.2,ALTA,PRODUTOS linha 13,DUPLICIDADE: DJI O4 RELAY = RELAY O4 (MODELO NOVO): 6.500 a vista nas duas fontes,ORIGEM
EXC-013,DONGLE RTK,MANTIDO FORA DA CARGA,,,,FONTE COMERCIAL PENDENTE,EXCEL 2026 (custo),,CONFERIR,PRODUTOS linha 14,V4: item de planilha interna sem catalogo/nota comercial e sem codigo de fabricante confirmado; nao integrar.,ORIGEM
EXC-014,DRONE T 100 PROPULSÃO,MANTIDO FORA DA CARGA,EXC-014,DRONE T 100 PROPULSÃO,,COMPONENTE DE KIT,EXCEL 2026 (custo),EXCEL 2026 (custo),ALTA,PRODUTOS linha 15,"COMPONENTE DE KIT: Metade contabil do drone T100 (47.350 x 2 = 94.700 = DRONE AVULSO T100 da DJI). Nao e produto vendavel avulso, e faturado tem divergencia registrada (48.375 / 20.800) | divergência faturado: também R$ 48.375,00, R$ 20.800,00",ORIGEM
EXC-015,DRONE T 100 PULVERIZAÇÃO,MANTIDO FORA DA CARGA,EXC-015,DRONE T 100 PULVERIZAÇÃO,,COMPONENTE DE KIT,EXCEL 2026 (custo),EXCEL 2026 (custo),ALTA,PRODUTOS linha 16,"COMPONENTE DE KIT: Metade contabil do drone T100. Mesmo caso do EXC-014 | divergência faturado: também R$ 48.375,00, R$ 20.800,00",ORIGEM
EXC-016,DRONE T 25P PULVERIZAÇÃO,MANTIDO FORA DA CARGA,EXC-016,DRONE T 25P PULVERIZAÇÃO,,COMPONENTE DE KIT,EXCEL 2026 (custo),EXCEL 2026 (custo),ALTA,PRODUTOS linha 17,"COMPONENTE DE KIT: Metade contabil do drone T25P. As duas metades somam 25.109, que nao bate com o DRONE AVULSO T25P da DJI (31.961)",ORIGEM
EXC-017,DRONE T 55 PULVERIZAÇÃO,MANTIDO FORA DA CARGA,EXC-017,DRONE T 55 PULVERIZAÇÃO,,CONTAMINACAO DE ABA,EXCEL 2026 (custo),EXCEL 2026 (custo),ALTA,PRODUTOS linha 18,"CONTAMINACAO DE ABA: Metade do drone T55 com valor 20.370, identico ao do T25P e ao do GERADOR D14000. A aba T55 da planilha original tem titulo e totais do T25 (falha registrada na aba CONFERENCIA)",ORIGEM
EXC-018,DRONE T25P PROPULSÃO,MANTIDO FORA DA CARGA,EXC-018,DRONE T25P PROPULSÃO,,COMPONENTE DE KIT,EXCEL 2026 (custo),EXCEL 2026 (custo),ALTA,PRODUTOS linha 19,COMPONENTE DE KIT: Metade contabil do drone T25P. Mesmo caso do EXC-016,ORIGEM
EXC-019,DRONE T55 PROPULSÃO,MANTIDO FORA DA CARGA,EXC-019,DRONE T55 PROPULSÃO,,CONTAMINACAO DE ABA,EXCEL 2026 (custo),EXCEL 2026 (custo),ALTA,PRODUTOS linha 20,"CONTAMINACAO DE ABA: Metade do drone T55 com valor 4.739, identico ao do T25P. Mesma contaminacao do EXC-017",ORIGEM
EXC-020,DRONE T70P PROPULSÃO,MANTIDO FORA DA CARGA,EXC-020,DRONE T70P PROPULSÃO,,COMPONENTE DE KIT,EXCEL 2026 (custo),EXCEL 2026 (custo),ALTA,PRODUTOS linha 21,COMPONENTE DE KIT: Metade contabil do drone T70P (30.550 x 2 = 61.100 = DRONE AVULSO T70P da DJI). Nao e produto vendavel avulso,ORIGEM
EXC-021,DRONE T70P PULVERIZAÇÃO,MANTIDO FORA DA CARGA,EXC-021,DRONE T70P PULVERIZAÇÃO,,COMPONENTE DE KIT,EXCEL 2026 (custo),EXCEL 2026 (custo),ALTA,PRODUTOS linha 22,COMPONENTE DE KIT: Metade contabil do drone T70P. Mesmo caso do EXC-020,ORIGEM
EXC-022,GERADOR DJI INVERTER 14000IE,CONSOLIDADO EM OUTRO,DJI-036,GERADOR T100 / T70P (D14000),DJI-036,DUPLICIDADE,EXCEL 2026 (custo),DJI SUBDEALER V16.2,ALTA,PRODUTOS linha 23,"DUPLICIDADE: GERADOR D14000: a vista 20.370 e faturado 21.000 identicos nas duas fontes | divergência faturado: também R$ 20.370,00",ORIGEM
EXC-023,GERADOR DJI INVERTER 6000IE,CONSOLIDADO EM OUTRO,DJI-039,GERADOR T25P / T25 (D6000),DJI-039,DUPLICIDADE,EXCEL 2026 (custo),DJI SUBDEALER V16.2,ALTA,PRODUTOS linha 24,DUPLICIDADE: GERADOR 6000IE = D6000: mesmo item. Preco diverge (14.050 x 11.500) - ver DIVERGENCIAS,ORIGEM
EXC-024,HUB CARREGAMENTO WB37,CONSOLIDADO EM OUTRO,DJI-079,CARREGADOR P/ BATERIA WB37,DJI-079,DUPLICIDADE,EXCEL 2026 (custo),DJI SUBDEALER V16.2,MEDIA,PRODUTOS linha 25,DUPLICIDADE: HUB CARREGAMENTO WB37 = CARREGADOR P/ BATERIA WB37. Mesmo raciocinio do EXC-008: a DJI so tem um carregador para a WB37. Adotado o valor do catalogo oficial (670 / 750),ORIGEM
EXC-025,KIT 100 DE BICOS,CONSOLIDADO EM OUTRO,DJI-056,KIT BICOS T100 (BICO DE NEVOA),DJI-056,DUPLICIDADE,EXCEL 2026 (custo),DJI SUBDEALER V16.2,ALTA,PRODUTOS linha 26,"DUPLICIDADE: KIT DE BICOS T100: 8.000 / 8.320 identicos nas duas fontes | divergência à vista: também R$ 3.670,00; divergência faturado: também R$ 8.320,00, R$ 3.670,00, R$ 3.750,00",ORIGEM
EXC-026,KIT T100 GUINCHO,CONSOLIDADO EM OUTRO,DJI-062,LIFT T100 (DUAL BATTERY),DJI-062,DUPLICIDADE,EXCEL 2026 (custo),DJI SUBDEALER V16.2,ALTA,PRODUTOS linha 27,"DUPLICIDADE: GUINCHO T100 = LIFT T100: 9.000 / 9.360 identicos nas duas fontes | divergência faturado: também R$ 9.360,00",ORIGEM
EXC-027,KIT T70P DE BICOS,CONSOLIDADO EM OUTRO,DJI-057,KIT BICOS T70P (BICO DE NEVOA),DJI-057,DUPLICIDADE,EXCEL 2026 (custo),DJI SUBDEALER V16.2,ALTA,PRODUTOS linha 28,DUPLICIDADE: KIT DE BICOS T70P: 6.000 / 6.240 identicos nas duas fontes,ORIGEM
EXC-028,KIT T70P GUINCHO,CONSOLIDADO EM OUTRO,DJI-063,LIFT T70P,DJI-063,DUPLICIDADE,EXCEL 2026 (custo),DJI SUBDEALER V16.2,ALTA,PRODUTOS linha 29,DUPLICIDADE: GUINCHO T70P = LIFT T70P: 3.100 / 3.250 identicos nas duas fontes,ORIGEM
EXC-029,MISTURADOR JR 1000 L,MANTIDO FORA DA CARGA,EXC-029,MISTURADOR JR 1000 L,,PRODUTO INEXISTENTE,EXCEL 2026 (custo),EXCEL 2026 (custo),ALTA,PRODUTOS linha 30,PRODUTO INEXISTENTE: MISTURADOR JR 1000 L nao existe no catalogo JR. A JR tem 1.200L (XP 14.000 / GT 15.900 / DTE 20.800) e nenhum bate com os 19.500 do Excel,ORIGEM
EXC-030,MISTURADOR JR 200 L,CONSOLIDADO EM OUTRO,JR-005,DRONE MIX 200L LE Agitacao Hidraulica 220Volts,JR-005,DUPLICIDADE,EXCEL 2026 (custo),JR SOLUÇÕES JAN/26,ALTA,PRODUTOS linha 31,DUPLICIDADE: MISTURADOR JR 200 L = DRONE MIX 200L LE (cod. 1361): 6.200 identico nas duas fontes,ORIGEM
EXC-031,MISTURADOR JR 250 L,MANTIDO FORA DA CARGA,EXC-031,MISTURADOR JR 250 L,,PRODUTO INEXISTENTE,EXCEL 2026 (custo),EXCEL 2026 (custo),ALTA,PRODUTOS linha 32,PRODUTO INEXISTENTE: MISTURADOR JR 250 L nao existe no catalogo JR e esta com o preco do 200 L (6.200),ORIGEM
EXC-032,MISTURADOR JR 250 PICKUP L,MANTIDO FORA DA CARGA,EXC-032,MISTURADOR JR 250 PICKUP L,,PRODUTO INEXISTENTE,EXCEL 2026 (custo),EXCEL 2026 (custo),ALTA,PRODUTOS linha 33,PRODUTO INEXISTENTE: MISTURADOR JR 250 PICKUP L nao tem correspondencia no catalogo JR,ORIGEM
EXC-033,MISTURADOR JR 320 L,CONSOLIDADO EM OUTRO,JR-006,DRONE MIX 320L LE Agitacao Hidraulica 220Volts,JR-006,DUPLICIDADE,EXCEL 2026 (custo),JR SOLUÇÕES JAN/26,ALTA,PRODUTOS linha 34,"DUPLICIDADE: MISTURADOR JR 320 L = DRONE MIX 320L LE (cod. 1240): 6.800 identico nas duas fontes | divergência à vista: também R$ 8.900,00; divergência faturado: também R$ 8.900,00",ORIGEM
EXC-034,MISTURADOR JR 600 L,CONSOLIDADO EM OUTRO,JR-009,DRONE MIX 600L XT VERTICAL Agitacao Hid + Rotor Superior 220Volts,JR-009,DUPLICIDADE,EXCEL 2026 (custo),JR SOLUÇÕES JAN/26,ALTA,PRODUTOS linha 35,"DUPLICIDADE: MISTURADOR JR 600 L = DRONE MIX 600L XT VERTICAL (cod. 1275): 9.700 identico nas duas fontes | divergência à vista: também R$ 10.000,00; divergência faturado: também R$ 10.000,00",ORIGEM
EXC-035,TANQUE DISPERSOR DE SOLIDOS 150L,CONSOLIDADO EM OUTRO,DJI-087,DISPERSOR DE SOLIDOS T100,DJI-087,REASSOCIACAO AO REGISTRO CANONICO LIDO NO PDF,EXCEL 2026 (custo),DJI SUBDEALER V16.2,ALTA,PRODUTOS linha 36,"V4: o registro interno foi substituido pelo produto DJI-087, com valores 12.220/12.500 conferidos diretamente no PDF.",ORIGEM
EXC-036,TANQUE DISPERSOR DE SOLIDOS T25,CONSOLIDADO EM OUTRO,DJI-048,DISPERSOR DE SOLIDOS T25P,DJI-048,DUPLICIDADE,EXCEL 2026 (custo),DJI SUBDEALER V16.2,ALTA,PRODUTOS linha 37,"DUPLICIDADE: O item chamado ""T25"" no Excel custa 6.310/6.450 - que e o DISPERSOR T25P da DJI, nao o T25 (4.190). O preco prova o pareamento; o nome no Excel esta incompleto | divergência faturado: também R$ 6.450,00",ORIGEM
EXC-037,TANQUE DISPERSOR DE SOLIDOS T70P,CONSOLIDADO EM OUTRO,DJI-047,DISPERSOR DE SOLIDOS T70P,DJI-047,DUPLICIDADE,EXCEL 2026 (custo),DJI SUBDEALER V16.2,ALTA,PRODUTOS linha 38,DUPLICIDADE: DISPERSOR T70P: 7.030 / 7.200 identicos nas duas fontes,ORIGEM
EXC-038,TOYAMA DIESEL + FRETE,MANTIDO FORA DA CARGA,EXC-038,TOYAMA DIESEL + FRETE,,NAO E PRODUTO LIMPO,EXCEL 2026 (custo),EXCEL 2026 (custo),ALTA,PRODUTOS linha 39,"NAO E PRODUTO LIMPO: ""TOYAMA DIESEL + FRETE"" mistura equipamento e frete no mesmo valor (31.460). Nao da para separar o preco do produto",ORIGEM
EXC-039,TOYAMA TG10000CXE MONOFASICO 11/230V 60HZ 9KW,MANTIDO FORA DA CARGA,,,,FONTE COMERCIAL PENDENTE,EXCEL 2026 (custo),,CONFERIR,PRODUTOS linha 40,V4: item de planilha interna sem catalogo/nota comercial e sem codigo de fabricante confirmado; nao integrar.,ORIGEM
EXC-040,"TOYAMA TG12000CXNE MONOFASICO 115/230V 60HZ 10,5KW",MANTIDO FORA DA CARGA,,,,FONTE COMERCIAL PENDENTE,EXCEL 2026 (custo),,CONFERIR,PRODUTOS linha 41,V4: item de planilha interna sem catalogo/nota comercial e sem codigo de fabricante confirmado; nao integrar.,ORIGEM
EXC-041,"TOYAMA TG15000CXE MONOFASICO 115/230V 60HZ 13,5KW",MANTIDO FORA DA CARGA,,,,FONTE COMERCIAL PENDENTE,EXCEL 2026 (custo),,CONFERIR,PRODUTOS linha 42,V4: item de planilha interna sem catalogo/nota comercial e sem codigo de fabricante confirmado; nao integrar.,ORIGEM
EXC-042,TOYAMA TG22000CXNE,MANTIDO FORA DA CARGA,,,,FONTE COMERCIAL PENDENTE,EXCEL 2026 (custo),,CONFERIR,PRODUTOS linha 43,V4: item de planilha interna sem catalogo/nota comercial e sem codigo de fabricante confirmado; nao integrar.,ORIGEM
EXC-043,TRIPE D-RTK,CONSOLIDADO EM OUTRO,DJI-077,TRIPE + BASTAO ORIGINAL DJI D-RTK 3,DJI-077,DUPLICIDADE,EXCEL 2026 (custo),DJI SUBDEALER V16.2,ALTA,PRODUTOS linha 44,DUPLICIDADE: TRIPE D-RTK: 2.500 identico nas duas fontes (teste da aba CONFERENCIA),ORIGEM
DJI-001,DRONE AGRAS T100 + 3 BAT + CARREGADOR C12000,IMPORTAR,DJI-001,DRONE AGRAS T100 + 3 BAT + CARREGADOR C12000,,Sem pendencia,DJI SUBDEALER V16.2,DJI SUBDEALER V16.2,ALTA,PRODUTOS linha 45,confianca ALTA,ORIGEM
DJI-002,DRONE AGRAS T100 + 3 BAT + GERADOR D14000,IMPORTAR,DJI-002,DRONE AGRAS T100 + 3 BAT + GERADOR D14000,,Sem pendencia,DJI SUBDEALER V16.2,DJI SUBDEALER V16.2,ALTA,PRODUTOS linha 46,confianca ALTA,ORIGEM
DJI-003,DRONE AGRAS T70P + 3 BAT + CARREGADOR C12000,IMPORTAR,DJI-003,DRONE AGRAS T70P + 3 BAT + CARREGADOR C12000,,Sem pendencia,DJI SUBDEALER V16.2,DJI SUBDEALER V16.2,ALTA,PRODUTOS linha 47,confianca ALTA,ORIGEM
DJI-004,DRONE AGRAS T70P + 3 BAT + GERADOR D14000,IMPORTAR,DJI-004,DRONE AGRAS T70P + 3 BAT + GERADOR D14000,,Sem pendencia,DJI SUBDEALER V16.2,DJI SUBDEALER V16.2,ALTA,PRODUTOS linha 48,confianca ALTA,ORIGEM
DJI-005,DRONE AGRAS T25P + 3 BAT + CARREGADOR C8000,IMPORTAR,DJI-005,DRONE AGRAS T25P + 3 BAT + CARREGADOR C8000,,Sem pendencia,DJI SUBDEALER V16.2,DJI SUBDEALER V16.2,ALTA,PRODUTOS linha 49,confianca ALTA,ORIGEM
DJI-006,DRONE AGRAS T25P + 3 BAT + GERADOR D6000,IMPORTAR,DJI-006,DRONE AGRAS T25P + 3 BAT + GERADOR D6000,,Sem pendencia,DJI SUBDEALER V16.2,DJI SUBDEALER V16.2,ALTA,PRODUTOS linha 50,confianca ALTA,ORIGEM
DJI-007,DRONE AGRAS T55 + 3 BAT DB1050 + CARREGADOR C7000,IMPORTAR,DJI-007,DRONE AGRAS T55 + 3 BAT DB1050 + CARREGADOR C7000,,Sem pendencia,DJI SUBDEALER V16.2,DJI SUBDEALER V16.2,ALTA,PRODUTOS linha 51,confianca ALTA,ORIGEM
DJI-008,DRONE AGRAS T55 + 3 BAT DB1050 + GERADOR D8000,IMPORTAR,DJI-008,DRONE AGRAS T55 + 3 BAT DB1050 + GERADOR D8000,,Sem pendencia,DJI SUBDEALER V16.2,DJI SUBDEALER V16.2,ALTA,PRODUTOS linha 52,confianca ALTA,ORIGEM
DJI-009,DRONE AGRAS T55 + 3 BAT DB1580 + CARREGADOR C12000,IMPORTAR,DJI-009,DRONE AGRAS T55 + 3 BAT DB1580 + CARREGADOR C12000,,Sem pendencia,DJI SUBDEALER V16.2,DJI SUBDEALER V16.2,ALTA,PRODUTOS linha 53,confianca ALTA,ORIGEM
DJI-010,DRONE AGRAS T55 + 3 BAT DB1580 + GERADOR D14000,IMPORTAR,DJI-010,DRONE AGRAS T55 + 3 BAT DB1580 + GERADOR D14000,,Sem pendencia,DJI SUBDEALER V16.2,DJI SUBDEALER V16.2,ALTA,PRODUTOS linha 54,confianca ALTA,ORIGEM
DJI-011,DRONE AGRAS T100 + 6 BAT + 2 CARREGADORES C12000 + KIT DUAL BATTERY + 2 DC55,IMPORTAR,DJI-011,DRONE AGRAS T100 + 6 BAT + 2 CARREGADORES C12000 + KIT DUAL BATTERY + 2 DC55,,Sem pendencia,DJI SUBDEALER V16.2,DJI SUBDEALER V16.2,ALTA,PRODUTOS linha 55,confianca ALTA,ORIGEM
DJI-012,DRONE AGRAS T100 + 6 BAT + 2 GERADORES D14000 + KIT DUAL BATTERY,IMPORTAR,DJI-012,DRONE AGRAS T100 + 6 BAT + 2 GERADORES D14000 + KIT DUAL BATTERY,,Sem pendencia,DJI SUBDEALER V16.2,DJI SUBDEALER V16.2,ALTA,PRODUTOS linha 56,confianca ALTA,ORIGEM
DJI-013,01 - KIT DE PULV. T100 DUAL BATTERY + CABO,CONSOLIDADO EM OUTRO,DJI-045,KIT DE PULV. T100 DUAL BATTERY + CABO,DJI-045,DUPLICIDADE,DJI SUBDEALER V16.2,DJI SUBDEALER V16.2,ALTA,PRODUTOS linha 57,DUPLICIDADE: Linha de composicao do KIT UPGRADE (gerador). Mesmo item e mesmo valor do avulso DJI-045 | confianca ALTA - componente do kit,ORIGEM
DJI-014,03 - BATERIA (DB2160),CONSOLIDADO EM OUTRO,DJI-023,BATERIA T100 / T70P (DB2160),DJI-023,DUPLICIDADE,DJI SUBDEALER V16.2,DJI SUBDEALER V16.2,ALTA,PRODUTOS linha 58,"DUPLICIDADE: Linha de composicao 3 x BATERIA DB2160 (54.990 = 3 x 18.330). Quantidade, nao produto novo | confianca ALTA - componente do kit - 3 x DB2160",ORIGEM
DJI-015,01 - GERADOR D14000,CONSOLIDADO EM OUTRO,DJI-036,GERADOR T100 / T70P (D14000),DJI-036,DUPLICIDADE,DJI SUBDEALER V16.2,DJI SUBDEALER V16.2,ALTA,PRODUTOS linha 59,"DUPLICIDADE: Linha de composicao: GERADOR D14000, mesmo valor do avulso | confianca ALTA - componente do kit",ORIGEM
DJI-016,01 - RESFRIADOR DE BATERIAS T100/T70P,CONSOLIDADO EM OUTRO,DJI-085,RESFRIADOR DE BATERIAS T100/T70P,DJI-085,DUPLICIDADE,DJI SUBDEALER V16.2,DJI SUBDEALER V16.2,ALTA,PRODUTOS linha 60,"DUPLICIDADE: Linha de composicao: RESFRIADOR DE BATERIAS T100/T70P, mesmo valor do avulso | confianca ALTA - componente do kit",ORIGEM
DJI-017,TOTAL DO KIT UPGRADE T100 - DUAL BATTERY - GERADOR D14000,MANTIDO FORA DA CARGA,DJI-017,TOTAL DO KIT UPGRADE T100 - DUAL BATTERY - GERADOR D14000,,LINHA DE TOTAL,DJI SUBDEALER V16.2,DJI SUBDEALER V16.2,ALTA,PRODUTOS linha 61,"LINHA DE TOTAL: Linha de TOTAL do KIT UPGRADE T100 (gerador), nao um produto. Os 4 componentes ja estao no catalogo; o kit em si pertence ao dominio de KITS | confianca ALTA - soma dos 4 componentes confere exatamente",ORIGEM
DJI-018,01 - KIT DE PULV. T100 DUAL BATTERY + CABO,CONSOLIDADO EM OUTRO,DJI-045,KIT DE PULV. T100 DUAL BATTERY + CABO,DJI-045,DUPLICIDADE,DJI SUBDEALER V16.2,DJI SUBDEALER V16.2,ALTA,PRODUTOS linha 62,DUPLICIDADE: Linha de composicao do KIT UPGRADE (carregador). Mesmo item e mesmo valor do avulso DJI-045 | confianca ALTA - componente do kit,ORIGEM
DJI-019,03 - BATERIA (DB2160),CONSOLIDADO EM OUTRO,DJI-023,BATERIA T100 / T70P (DB2160),DJI-023,DUPLICIDADE,DJI SUBDEALER V16.2,DJI SUBDEALER V16.2,ALTA,PRODUTOS linha 63,"DUPLICIDADE: Linha de composicao 3 x BATERIA DB2160 (54.990 = 3 x 18.330). Quantidade, nao produto novo | confianca ALTA - componente do kit - 3 x DB2160",ORIGEM
DJI-020,01 - CARREGADOR T100 / T70P (C12000),CONSOLIDADO EM OUTRO,DJI-031,CARREGADOR T100 / T70P (C12000),DJI-031,DUPLICIDADE,DJI SUBDEALER V16.2,DJI SUBDEALER V16.2,ALTA,PRODUTOS linha 64,"DUPLICIDADE: Linha de composicao: CARREGADOR C12000, mesmo valor do avulso | confianca ALTA - componente do kit",ORIGEM
DJI-021,01 - RESFRIADOR DE BATERIAS T100/T70P,CONSOLIDADO EM OUTRO,DJI-085,RESFRIADOR DE BATERIAS T100/T70P,DJI-085,DUPLICIDADE,DJI SUBDEALER V16.2,DJI SUBDEALER V16.2,ALTA,PRODUTOS linha 65,"DUPLICIDADE: Linha de composicao: RESFRIADOR DE BATERIAS T100/T70P, mesmo valor do avulso | confianca ALTA - componente do kit",ORIGEM
DJI-022,TOTAL DO KIT UPGRADE T100 - DUAL BATTERY - CARREGADOR C12000,MANTIDO FORA DA CARGA,DJI-022,TOTAL DO KIT UPGRADE T100 - DUAL BATTERY - CARREGADOR C12000,,LINHA DE TOTAL,DJI SUBDEALER V16.2,DJI SUBDEALER V16.2,ALTA,PRODUTOS linha 66,"LINHA DE TOTAL: Linha de TOTAL do KIT UPGRADE T100 (carregador), nao um produto. Mesmo caso do DJI-017 | confianca ALTA - soma dos 4 componentes confere exatamente",ORIGEM
DJI-023,BATERIA T100 / T70P (DB2160),IMPORTAR,DJI-023,BATERIA T100 / T70P (DB2160),,Sem pendencia,DJI SUBDEALER V16.2,DJI SUBDEALER V16.2,ALTA,PRODUTOS linha 67,confianca ALTA - confere com a planilha Excel 2026,ORIGEM
DJI-024,BATERIA T25P / T25 (DB800),IMPORTAR,DJI-024,BATERIA T25P / T25 (DB800),,CONFERIDO VISUALMENTE NO PDF DJI V16.2,DJI SUBDEALER V16.2,DJI SUBDEALER V16.2,ALTA,PRODUTOS linha 68,V4: nome e valores a vista/faturado estao legiveis no PDF DJI SUBDEALER V16.2.,ORIGEM
DJI-025,BATERIA T55 / T70P (DB1580),IMPORTAR,DJI-025,BATERIA T55 / T70P (DB1580),,CONFERIDO VISUALMENTE NO PDF DJI V16.2,DJI SUBDEALER V16.2,DJI SUBDEALER V16.2,ALTA,PRODUTOS linha 69,V4: nome e valores a vista/faturado estao legiveis no PDF DJI SUBDEALER V16.2.,ORIGEM
DJI-026,BATERIA T55 (DB1050),IMPORTAR,DJI-026,BATERIA T55 (DB1050),,CONFERIDO VISUALMENTE NO PDF DJI V16.2,DJI SUBDEALER V16.2,DJI SUBDEALER V16.2,ALTA,PRODUTOS linha 70,V4: nome e valores a vista/faturado estao legiveis no PDF DJI SUBDEALER V16.2.,ORIGEM
DJI-027,BATERIA T50 / T40 (DB1560),IMPORTAR,DJI-027,BATERIA T50 / T40 (DB1560),,CONFERIDO VISUALMENTE NO PDF DJI V16.2,DJI SUBDEALER V16.2,DJI SUBDEALER V16.2,ALTA,PRODUTOS linha 71,V4: nome e valores a vista/faturado estao legiveis no PDF DJI SUBDEALER V16.2.,ORIGEM
DJI-028,BATERIA T20P,IMPORTAR,DJI-028,BATERIA T20P,,CONFERIDO VISUALMENTE NO PDF DJI V16.2,DJI SUBDEALER V16.2,DJI SUBDEALER V16.2,ALTA,PRODUTOS linha 72,V4: nome e valores a vista/faturado estao legiveis no PDF DJI SUBDEALER V16.2.,ORIGEM
DJI-029,BATERIA T30,IMPORTAR,DJI-029,BATERIA T30,,CONFERIDO VISUALMENTE NO PDF DJI V16.2,DJI SUBDEALER V16.2,DJI SUBDEALER V16.2,ALTA,PRODUTOS linha 73,V4: nome e valores a vista/faturado estao legiveis no PDF DJI SUBDEALER V16.2.,ORIGEM
DJI-030,BATERIA T10,IMPORTAR,DJI-030,BATERIA T10,,CONFERIDO VISUALMENTE NO PDF DJI V16.2,DJI SUBDEALER V16.2,DJI SUBDEALER V16.2,ALTA,PRODUTOS linha 74,V4: nome e valores a vista/faturado estao legiveis no PDF DJI SUBDEALER V16.2.,ORIGEM
DJI-031,CARREGADOR T100 / T70P (C12000),IMPORTAR,DJI-031,CARREGADOR T100 / T70P (C12000),,Sem pendencia,DJI SUBDEALER V16.2,DJI SUBDEALER V16.2,ALTA,PRODUTOS linha 75,confianca ALTA - confere com a planilha Excel 2026,ORIGEM
DJI-032,CARREGADOR T55 (C7000),IMPORTAR,DJI-032,CARREGADOR T55 (C7000),,Sem pendencia,DJI SUBDEALER V16.2,DJI SUBDEALER V16.2,ALTA,PRODUTOS linha 76,confianca ALTA - provado: a diferenca entre os kits T55 DB1050 com C7000 e com D8000 bate exatamente nas duas colunas,ORIGEM
DJI-033,CARREGADOR T50 / T40 (C10000),IMPORTAR,DJI-033,CARREGADOR T50 / T40 (C10000),,CONFERIDO VISUALMENTE NO PDF DJI V16.2,DJI SUBDEALER V16.2,DJI SUBDEALER V16.2,ALTA,PRODUTOS linha 77,V4: nome e valores a vista/faturado estao legiveis no PDF DJI SUBDEALER V16.2.,ORIGEM
DJI-034,CARREGADOR T25P / T25 (C8000),IMPORTAR,DJI-034,CARREGADOR T25P / T25 (C8000),,CONFERIDO VISUALMENTE NO PDF DJI V16.2,DJI SUBDEALER V16.2,DJI SUBDEALER V16.2,ALTA,PRODUTOS linha 78,V4: nome e valores a vista/faturado estao legiveis no PDF DJI SUBDEALER V16.2.,ORIGEM
DJI-035,CARREGADOR T10,IMPORTAR,DJI-035,CARREGADOR T10,,CONFERIDO VISUALMENTE NO PDF DJI V16.2,DJI SUBDEALER V16.2,DJI SUBDEALER V16.2,ALTA,PRODUTOS linha 79,V4: nome e valores a vista/faturado estao legiveis no PDF DJI SUBDEALER V16.2.,ORIGEM
DJI-036,GERADOR T100 / T70P (D14000),IMPORTAR,DJI-036,GERADOR T100 / T70P (D14000),,Sem pendencia,DJI SUBDEALER V16.2,DJI SUBDEALER V16.2,ALTA,PRODUTOS linha 80,confianca ALTA - confere com a planilha Excel 2026,ORIGEM
DJI-037,GERADOR T55 (D8000),IMPORTAR,DJI-037,GERADOR T55 (D8000),,Sem pendencia,DJI SUBDEALER V16.2,DJI SUBDEALER V16.2,ALTA,PRODUTOS linha 81,confianca ALTA - provado: a diferenca entre os kits T55 DB1050 com C7000 e com D8000 bate exatamente nas duas colunas,ORIGEM
DJI-038,GERADOR T50 / T40 (D12000),IMPORTAR,DJI-038,GERADOR T50 / T40 (D12000),,CONFERIDO VISUALMENTE NO PDF DJI V16.2,DJI SUBDEALER V16.2,DJI SUBDEALER V16.2,ALTA,PRODUTOS linha 82,V4: nome e valores a vista/faturado estao legiveis no PDF DJI SUBDEALER V16.2.,ORIGEM
DJI-039,GERADOR T25P / T25 (D6000),IMPORTAR,DJI-039,GERADOR T25P / T25 (D6000),,CONFERIDO VISUALMENTE NO PDF DJI V16.2,DJI SUBDEALER V16.2,DJI SUBDEALER V16.2,ALTA,PRODUTOS linha 83,V4: nome e valores a vista/faturado estao legiveis no PDF DJI SUBDEALER V16.2.,ORIGEM
DJI-040,DRONE AVULSO T100,IMPORTAR,DJI-040,DRONE AVULSO T100,,Sem pendencia,DJI SUBDEALER V16.2,DJI SUBDEALER V16.2,ALTA,PRODUTOS linha 84,"confianca MEDIA - nao inclui kit WB37 | PROMOCAO DE CONFIANCA: As duas metades do T100 no Excel 2026 (47.350 + 47.350) somam exatamente 94.700, o preco a vista do DRONE AVULSO T100 na DJI. Confirmacao independente, mesmo criterio usado pela planilha para promover outros itens",ORIGEM
DJI-041,DRONE AVULSO T70P,IMPORTAR,DJI-041,DRONE AVULSO T70P,,Sem pendencia,DJI SUBDEALER V16.2,DJI SUBDEALER V16.2,ALTA,PRODUTOS linha 85,"confianca MEDIA - nao inclui kit WB37 | PROMOCAO DE CONFIANCA: As duas metades do T70P no Excel 2026 (30.550 + 30.550) somam exatamente 61.100, o preco a vista do DRONE AVULSO T70P na DJI. Confirmacao independente",ORIGEM
DJI-042,DRONE AVULSO T25P,IMPORTAR,DJI-042,DRONE AVULSO T25P,,CONFERIDO VISUALMENTE NO PDF DJI V16.2,DJI SUBDEALER V16.2,DJI SUBDEALER V16.2,ALTA,PRODUTOS linha 86,V4: nome e valores a vista/faturado estao legiveis no PDF DJI SUBDEALER V16.2.,ORIGEM
DJI-043,DRONE AVULSO T100 (SEM KIT PULVERIZACAO),IMPORTAR,DJI-043,DRONE AVULSO T100 (SEM KIT PULVERIZACAO),,CONFERIDO VISUALMENTE NO PDF DJI V16.2,DJI SUBDEALER V16.2,DJI SUBDEALER V16.2,ALTA,PRODUTOS linha 87,V4: nome e valores a vista/faturado estao legiveis no PDF DJI SUBDEALER V16.2.,ORIGEM
DJI-044,DRONE AVULSO T55,IMPORTAR,DJI-044,DRONE AVULSO T55,,CONFERIDO VISUALMENTE NO PDF DJI V16.2,DJI SUBDEALER V16.2,DJI SUBDEALER V16.2,ALTA,PRODUTOS linha 88,V4: nome e valores a vista/faturado estao legiveis no PDF DJI SUBDEALER V16.2.,ORIGEM
DJI-045,KIT DE PULV. T100 DUAL BATTERY + CABO,IMPORTAR,DJI-045,KIT DE PULV. T100 DUAL BATTERY + CABO,,Sem pendencia,DJI SUBDEALER V16.2,DJI SUBDEALER V16.2,ALTA,PRODUTOS linha 89,confianca ALTA - mesmo valor usado nos kits upgrade,ORIGEM
DJI-046,DISPERSOR DE SOLIDOS T100,IMPORTAR,DJI-046,KIT DE PULVERIZACAO DJI T100,,CONFERIDO VISUALMENTE NO PDF DJI V16.2,DJI SUBDEALER V16.2,DJI SUBDEALER V16.2,ALTA,PRODUTOS linha 90,V4: nome e valores a vista/faturado estao legiveis no PDF DJI SUBDEALER V16.2.,ORIGEM
DJI-047,DISPERSOR DE SOLIDOS T70P,IMPORTAR,DJI-047,DISPERSOR DE SOLIDOS T70P,,Sem pendencia,DJI SUBDEALER V16.2,DJI SUBDEALER V16.2,ALTA,PRODUTOS linha 91,confianca ALTA - confere com a planilha Excel 2026,ORIGEM
DJI-048,DISPERSOR DE SOLIDOS T25P,IMPORTAR,DJI-048,DISPERSOR DE SOLIDOS T25P,,Sem pendencia,DJI SUBDEALER V16.2,DJI SUBDEALER V16.2,ALTA,PRODUTOS linha 92,confianca ALTA - confere com a planilha Excel 2026,ORIGEM
DJI-049,DISPERSOR DE SOLIDOS T55,IMPORTAR,DJI-049,DISPERSOR DE SOLIDOS T55,,CONFERIDO VISUALMENTE NO PDF DJI V16.2,DJI SUBDEALER V16.2,DJI SUBDEALER V16.2,ALTA,PRODUTOS linha 93,V4: nome e valores a vista/faturado estao legiveis no PDF DJI SUBDEALER V16.2.,ORIGEM
DJI-050,DISPERSOR DE SOLIDOS T50,IMPORTAR,DJI-050,DISPERSOR DE SOLIDOS T50,,CONFERIDO VISUALMENTE NO PDF DJI V16.2,DJI SUBDEALER V16.2,DJI SUBDEALER V16.2,ALTA,PRODUTOS linha 94,V4: nome e valores a vista/faturado estao legiveis no PDF DJI SUBDEALER V16.2.,ORIGEM
DJI-051,DISPERSOR DE SOLIDOS T25,IMPORTAR,DJI-051,DISPERSOR DE SOLIDOS T25,,CONFERIDO VISUALMENTE NO PDF DJI V16.2,DJI SUBDEALER V16.2,DJI SUBDEALER V16.2,ALTA,PRODUTOS linha 95,V4: nome e valores a vista/faturado estao legiveis no PDF DJI SUBDEALER V16.2.,ORIGEM
DJI-052,DISPERSOR DE SOLIDOS T40,IMPORTAR,DJI-052,DISPERSOR DE SOLIDOS T40,,CONFERIDO VISUALMENTE NO PDF DJI V16.2,DJI SUBDEALER V16.2,DJI SUBDEALER V16.2,ALTA,PRODUTOS linha 96,V4: nome e valores a vista/faturado estao legiveis no PDF DJI SUBDEALER V16.2.,ORIGEM
DJI-053,DISPERSOR DE SOLIDOS T20P,IMPORTAR,DJI-053,DISPERSOR DE SOLIDOS T20P,,CONFERIDO VISUALMENTE NO PDF DJI V16.2,DJI SUBDEALER V16.2,DJI SUBDEALER V16.2,ALTA,PRODUTOS linha 97,V4: nome e valores a vista/faturado estao legiveis no PDF DJI SUBDEALER V16.2.,ORIGEM
DJI-054,DISPERSOR DE SOLIDOS T30,MANTIDO FORA DA CARGA,DJI-054,DISPERSOR DE SOLIDOS T30,,SEM PRECO,DJI SUBDEALER V16.2,DJI SUBDEALER V16.2,ALTA,PRODUTOS linha 98,SEM PRECO: DISPERSOR T30 saiu de linha e nao tem nenhum preco na fonte | confianca ALTA - SAIU DE LINHA,ORIGEM
DJI-055,DISPERSOR DE SOLIDOS T10,IMPORTAR,DJI-055,DISPERSOR DE SOLIDOS T10,,CONFERIDO VISUALMENTE NO PDF DJI V16.2,DJI SUBDEALER V16.2,DJI SUBDEALER V16.2,ALTA,PRODUTOS linha 99,V4: nome e valores a vista/faturado estao legiveis no PDF DJI SUBDEALER V16.2.,ORIGEM
DJI-056,KIT BICOS T100 (BICO DE NEVOA),IMPORTAR,DJI-056,KIT BICOS T100 (BICO DE NEVOA),,Sem pendencia,DJI SUBDEALER V16.2,DJI SUBDEALER V16.2,ALTA,PRODUTOS linha 100,confianca ALTA - confere com a planilha Excel 2026,ORIGEM
DJI-057,KIT BICOS T70P (BICO DE NEVOA),IMPORTAR,DJI-057,KIT BICOS T70P (BICO DE NEVOA),,Sem pendencia,DJI SUBDEALER V16.2,DJI SUBDEALER V16.2,ALTA,PRODUTOS linha 101,confianca ALTA - confere com a planilha Excel 2026,ORIGEM
DJI-058,KIT BICOS T25P,IMPORTAR,DJI-058,KIT BICOS T25P,,Sem pendencia,DJI SUBDEALER V16.2,DJI SUBDEALER V16.2,ALTA,PRODUTOS linha 102,confianca ALTA - confere com a planilha Excel 2026,ORIGEM
DJI-059,KIT BICOS T55,IMPORTAR,DJI-059,KIT BICOS T55,,Sem pendencia,DJI SUBDEALER V16.2,DJI SUBDEALER V16.2,ALTA,PRODUTOS linha 103,confianca ALTA,ORIGEM
DJI-060,KIT BICOS T50,IMPORTAR,DJI-060,KIT BICOS T50,,Sem pendencia,DJI SUBDEALER V16.2,DJI SUBDEALER V16.2,ALTA,PRODUTOS linha 104,confianca ALTA,ORIGEM
DJI-061,KIT BICOS T25,IMPORTAR,DJI-061,KIT BICOS T25,,Sem pendencia,DJI SUBDEALER V16.2,DJI SUBDEALER V16.2,ALTA,PRODUTOS linha 105,confianca ALTA,ORIGEM
DJI-062,LIFT T100 (DUAL BATTERY),IMPORTAR,DJI-062,LIFT T100 (DUAL BATTERY),,Sem pendencia,DJI SUBDEALER V16.2,DJI SUBDEALER V16.2,ALTA,PRODUTOS linha 106,confianca ALTA - confere com a planilha Excel 2026,ORIGEM
DJI-063,LIFT T70P,IMPORTAR,DJI-063,LIFT T70P,,Sem pendencia,DJI SUBDEALER V16.2,DJI SUBDEALER V16.2,ALTA,PRODUTOS linha 107,confianca ALTA - confere com a planilha Excel 2026,ORIGEM
DJI-064,LIFT T55 (DL100),IMPORTAR,DJI-064,LIFT T55 (DL100),,Sem pendencia,DJI SUBDEALER V16.2,DJI SUBDEALER V16.2,ALTA,PRODUTOS linha 108,confianca ALTA,ORIGEM
DJI-065,DRONE MAVIC 3 MULTIS,IMPORTAR,DJI-065,DRONE MAVIC 3 MULTIS,,Sem pendencia,DJI SUBDEALER V16.2,DJI SUBDEALER V16.2,ALTA,PRODUTOS linha 109,confianca ALTA,ORIGEM
DJI-066,KIT 03 BATS MAVIC 3 MULT,IMPORTAR,DJI-066,KIT 03 BATS MAVIC 3 MULT,,Sem pendencia,DJI SUBDEALER V16.2,DJI SUBDEALER V16.2,ALTA,PRODUTOS linha 110,confianca ALTA,ORIGEM
DJI-067,GNSS DJI BASE RTK DRTK2,MANTIDO FORA DA CARGA,DJI-067,GNSS DJI BASE RTK DRTK2,,SEM PRECO,DJI SUBDEALER V16.2,DJI SUBDEALER V16.2,ALTA,PRODUTOS linha 111,"SEM PRECO: GNSS DRTK2 em falta na fabrica, sem preco a vista nem faturado | confianca ALTA - DJI esta em falta na fabrica",ORIGEM
DJI-068,GNSS DJI BASE RTK DRTK3 AG,IMPORTAR,DJI-068,GNSS DJI BASE RTK DRTK3 AG,,Sem pendencia,DJI SUBDEALER V16.2,DJI SUBDEALER V16.2,ALTA,PRODUTOS linha 112,"confianca CONFERIR - o par 12.500/12.220 na mesma linha pode pertencer a este item | PROMOCAO DE CONFIANCA: O motivo do CONFERIR era o par orfao 12.500/12.220 poder pertencer a este item. A planilha Excel 2026 registra, para o proprio D-RTK 3 AG, o valor alternativo 7.200 - identico ao a vista da DJI. Duas fontes independentes no mesmo numero dissolvem a duvida: o par 12.500/12.220 e do CARREGADOR C12000, ja provado",ORIGEM
DJI-069,GNSS DJI RTK DRTK3 MULTIFUNCIONAL,IMPORTAR,DJI-069,GNSS DJI RTK DRTK3 MULTIFUNCIONAL,,CONFERIDO VISUALMENTE NO PDF DJI V16.2,DJI SUBDEALER V16.2,DJI SUBDEALER V16.2,ALTA,PRODUTOS linha 113,V4: nome e valores a vista/faturado estao legiveis no PDF DJI SUBDEALER V16.2.,ORIGEM
DJI-070,BASE/HUB DJI P/ MAVIC 3 MULT (4288),IMPORTAR,DJI-070,BASE/HUB DJI P/ MAVIC 3 MULT (4288),,CONFERIDO VISUALMENTE NO PDF DJI V16.2,DJI SUBDEALER V16.2,DJI SUBDEALER V16.2,ALTA,PRODUTOS linha 114,V4: nome e valores a vista/faturado estao legiveis no PDF DJI SUBDEALER V16.2.,ORIGEM
DJI-071,RELAY O3 (MODELO ANTIGO),IMPORTAR,DJI-071,RELAY O3 (MODELO ANTIGO),,Sem pendencia,DJI SUBDEALER V16.2,DJI SUBDEALER V16.2,ALTA,PRODUTOS linha 115,confianca ALTA,ORIGEM
DJI-072,RELAY O4 (MODELO NOVO),IMPORTAR,DJI-072,RELAY O4 (MODELO NOVO),,Sem pendencia,DJI SUBDEALER V16.2,DJI SUBDEALER V16.2,ALTA,PRODUTOS linha 116,confianca ALTA - confere com a planilha Excel 2026,ORIGEM
DJI-073,BASTAO P/ RELAY 4 METROS (1982),IMPORTAR,DJI-073,BASTAO P/ RELAY 4 METROS (1982),,Sem pendencia,DJI SUBDEALER V16.2,DJI SUBDEALER V16.2,ALTA,PRODUTOS linha 117,confianca ALTA,ORIGEM
DJI-074,BASTAO P/ RELAY 8 METROS (5218),IMPORTAR,DJI-074,BASTAO P/ RELAY 8 METROS (5218),,Sem pendencia,DJI SUBDEALER V16.2,DJI SUBDEALER V16.2,ALTA,PRODUTOS linha 118,confianca ALTA,ORIGEM
DJI-075,BIPE P/ BASTAO (1626),IMPORTAR,DJI-075,BIPE P/ BASTAO (1626),,Sem pendencia,DJI SUBDEALER V16.2,DJI SUBDEALER V16.2,ALTA,PRODUTOS linha 119,confianca ALTA,ORIGEM
DJI-076,TRIPE P/ RELAY E RTK (1980),IMPORTAR,DJI-076,TRIPE P/ RELAY E RTK (1980),,Sem pendencia,DJI SUBDEALER V16.2,DJI SUBDEALER V16.2,ALTA,PRODUTOS linha 120,confianca ALTA,ORIGEM
DJI-077,TRIPE + BASTAO ORIGINAL DJI D-RTK 3,IMPORTAR,DJI-077,TRIPE + BASTAO ORIGINAL DJI D-RTK 3,,Sem pendencia,DJI SUBDEALER V16.2,DJI SUBDEALER V16.2,ALTA,PRODUTOS linha 121,confianca ALTA - confere com a planilha Excel 2026 (TRIPE D-RTK 2.500),ORIGEM
DJI-078,TRIPE ORIGINAL DJI PARA D-RTK 2,IMPORTAR,DJI-078,TRIPE ORIGINAL DJI PARA D-RTK 2,,Sem pendencia,DJI SUBDEALER V16.2,DJI SUBDEALER V16.2,ALTA,PRODUTOS linha 122,confianca ALTA,ORIGEM
DJI-079,CARREGADOR P/ BATERIA WB37,IMPORTAR,DJI-079,CARREGADOR P/ BATERIA WB37,,Sem pendencia,DJI SUBDEALER V16.2,DJI SUBDEALER V16.2,ALTA,PRODUTOS linha 123,confianca ALTA,ORIGEM
DJI-080,FONTE 65W P/ WB37,IMPORTAR,DJI-080,FONTE 65W P/ WB37,,Sem pendencia,DJI SUBDEALER V16.2,DJI SUBDEALER V16.2,ALTA,PRODUTOS linha 124,confianca ALTA,ORIGEM
DJI-081,BATERIA CONTROLE WB37,IMPORTAR,DJI-081,BATERIA CONTROLE WB37,,Sem pendencia,DJI SUBDEALER V16.2,DJI SUBDEALER V16.2,ALTA,PRODUTOS linha 125,confianca ALTA - confere com a planilha Excel 2026,ORIGEM
DJI-082,RADIO CONTROLE T40/T50/T20P/T25,IMPORTAR,DJI-082,RADIO CONTROLE T40/T50/T20P/T25,,Sem pendencia,DJI SUBDEALER V16.2,DJI SUBDEALER V16.2,ALTA,PRODUTOS linha 126,confianca ALTA,ORIGEM
DJI-083,RADIO CONTROLE T25P/T70P/T100,IMPORTAR,DJI-083,RADIO CONTROLE T25P/T70P/T100,,Sem pendencia,DJI SUBDEALER V16.2,DJI SUBDEALER V16.2,ALTA,PRODUTOS linha 127,confianca ALTA,ORIGEM
DJI-084,CABO DJI ADAP DO CARREG C10000,IMPORTAR,DJI-084,CABO DJI ADAP DO CARREG C10000,,Sem pendencia,DJI SUBDEALER V16.2,DJI SUBDEALER V16.2,ALTA,PRODUTOS linha 128,confianca ALTA,ORIGEM
DJI-085,RESFRIADOR DE BATERIAS T100/T70P,IMPORTAR,DJI-085,RESFRIADOR DE BATERIAS T100/T70P,,Sem pendencia,DJI SUBDEALER V16.2,DJI SUBDEALER V16.2,ALTA,PRODUTOS linha 129,confianca ALTA,ORIGEM
DJI-086,ITEM SEM ROTULO IDENTIFICADO NA EXTRACAO,CONSOLIDADO EM OUTRO,DJI-070,BASE/HUB DJI P/ MAVIC 3 MULT (4288),DJI-070,PAR 750/790 REATRIBUIDO AO BASE/HUB DJI-070,DJI SUBDEALER V16.2,DJI SUBDEALER V16.2,ALTA,PRODUTOS linha 130,V4: o par de valores sem rotulo na extracao pertence ao BASE/HUB DJI P/ MAVIC 3 MULT (4288).,ORIGEM
JR-001,DRONE MIX 130L LT NEW 2x18lpm 12volts,IMPORTAR,JR-001,DRONE MIX 130L LT NEW 2x18lpm 12volts,,Sem pendencia,JR SOLUÇÕES JAN/26,JR SOLUÇÕES JAN/26,ALTA,PRODUTOS linha 131,NCM 84368000,ORIGEM
JR-002,DRONE MIX 200L LT NEW 2x26lpm 12volts,IMPORTAR,JR-002,DRONE MIX 200L LT NEW 2x26lpm 12volts,,Sem pendencia,JR SOLUÇÕES JAN/26,JR SOLUÇÕES JAN/26,ALTA,PRODUTOS linha 132,NCM 84368000,ORIGEM
JR-003,DRONE FEEDER 500 - 220Volts,IMPORTAR,JR-003,DRONE FEEDER 500 - 220Volts,,Sem pendencia,JR SOLUÇÕES JAN/26,JR SOLUÇÕES JAN/26,ALTA,PRODUTOS linha 133,NCM 84368000,ORIGEM
JR-004,DRONE MIX 130L LE Agitacao Hidraulica 220Volts,IMPORTAR,JR-004,DRONE MIX 130L LE Agitacao Hidraulica 220Volts,,Sem pendencia,JR SOLUÇÕES JAN/26,JR SOLUÇÕES JAN/26,ALTA,PRODUTOS linha 134,NCM 84368000,ORIGEM
JR-005,DRONE MIX 200L LE Agitacao Hidraulica 220Volts,IMPORTAR,JR-005,DRONE MIX 200L LE Agitacao Hidraulica 220Volts,,Sem pendencia,JR SOLUÇÕES JAN/26,JR SOLUÇÕES JAN/26,ALTA,PRODUTOS linha 135,NCM 84368000,ORIGEM
JR-006,DRONE MIX 320L LE Agitacao Hidraulica 220Volts,IMPORTAR,JR-006,DRONE MIX 320L LE Agitacao Hidraulica 220Volts,,Sem pendencia,JR SOLUÇÕES JAN/26,JR SOLUÇÕES JAN/26,ALTA,PRODUTOS linha 136,NCM 84368000,ORIGEM
JR-007,DRONE MIX 320L XT VERTICAL Agitacao Hid + Rotor Superior 220Volts,IMPORTAR,JR-007,DRONE MIX 320L XT VERTICAL Agitacao Hid + Rotor Superior 220Volts,,Sem pendencia,JR SOLUÇÕES JAN/26,JR SOLUÇÕES JAN/26,ALTA,PRODUTOS linha 137,NCM 84368000,ORIGEM
JR-008,DRONE MIX 320L XT VERTICAL Agitacao Hid + Rotor Superior TRIFASICO 380Volts,IMPORTAR,JR-008,DRONE MIX 320L XT VERTICAL Agitacao Hid + Rotor Superior TRIFASICO 380Volts,,Sem pendencia,JR SOLUÇÕES JAN/26,JR SOLUÇÕES JAN/26,ALTA,PRODUTOS linha 138,NCM 84368000,ORIGEM
JR-009,DRONE MIX 600L XT VERTICAL Agitacao Hid + Rotor Superior 220Volts,IMPORTAR,JR-009,DRONE MIX 600L XT VERTICAL Agitacao Hid + Rotor Superior 220Volts,,Sem pendencia,JR SOLUÇÕES JAN/26,JR SOLUÇÕES JAN/26,ALTA,PRODUTOS linha 139,NCM 84368000,ORIGEM
JR-010,DRONE MIX 600L XT VERTICAL Agitacao Hid + Rotor Superior TRIFASICO 380Volts,IMPORTAR,JR-010,DRONE MIX 600L XT VERTICAL Agitacao Hid + Rotor Superior TRIFASICO 380Volts,,Sem pendencia,JR SOLUÇÕES JAN/26,JR SOLUÇÕES JAN/26,ALTA,PRODUTOS linha 140,NCM 84368000,ORIGEM
JR-011,DRONE MIX 320L LE PICKUP Agitacao Hidraulica 220Volts,IMPORTAR,JR-011,DRONE MIX 320L LE PICKUP Agitacao Hidraulica 220Volts,,Sem pendencia,JR SOLUÇÕES JAN/26,JR SOLUÇÕES JAN/26,ALTA,PRODUTOS linha 141,NCM 84368000,ORIGEM
JR-012,DRONE MIX 320L XT PICKUP Agitacao Hid + Rotor Superior 220Volts,IMPORTAR,JR-012,DRONE MIX 320L XT PICKUP Agitacao Hid + Rotor Superior 220Volts,,Sem pendencia,JR SOLUÇÕES JAN/26,JR SOLUÇÕES JAN/26,ALTA,PRODUTOS linha 142,NCM 84368000,ORIGEM
JR-013,DRONE MIX 600L LE 1.5 PICKUP Agitacao Hidraulica 220Volts,IMPORTAR,JR-013,DRONE MIX 600L LE 1.5 PICKUP Agitacao Hidraulica 220Volts,,Sem pendencia,JR SOLUÇÕES JAN/26,JR SOLUÇÕES JAN/26,ALTA,PRODUTOS linha 143,NCM 84368000,ORIGEM
JR-014,DRONE MIX 600L XT 1.5 PICKUP Agitacao Hid + Rotor Superior 220Volts,IMPORTAR,JR-014,DRONE MIX 600L XT 1.5 PICKUP Agitacao Hid + Rotor Superior 220Volts,,Sem pendencia,JR SOLUÇÕES JAN/26,JR SOLUÇÕES JAN/26,ALTA,PRODUTOS linha 144,NCM 84368000,ORIGEM
JR-015,TANQUE DE AGUA LIMPA 270L com 8lts de Potavel PickUp,CONSOLIDADO EM OUTRO,JR-028,TANQUE DE AGUA LIMPA 270L com 8lts de Potavel PickUp,JR-028,DUPLICIDADE,JR SOLUÇÕES JAN/26,JR SOLUÇÕES JAN/26,ALTA,PRODUTOS linha 145,DUPLICIDADE: Codigo 1781 identico. O tanque aparece em LINHA PICK UP e em TANQUES DE AGUA LIMPA no PDF original; consolidado na linha propria do produto | NCM 84369000,ORIGEM
JR-016,TANQUE DE AGUA LIMPA 410L com 8lts de Potavel PickUp,CONSOLIDADO EM OUTRO,JR-029,TANQUE DE AGUA LIMPA 410L com 8lts de Potavel PickUp,JR-029,DUPLICIDADE,JR SOLUÇÕES JAN/26,JR SOLUÇÕES JAN/26,ALTA,PRODUTOS linha 146,DUPLICIDADE: Codigo 2189 identico. Mesmo caso do 1781 | NCM 84369000,ORIGEM
JR-017,DRONE MIX 600L LE 1.5 PICKUP Agitacao Hid TRIFASICO 380V,IMPORTAR,JR-017,DRONE MIX 600L LE 1.5 PICKUP Agitacao Hid TRIFASICO 380V,,Sem pendencia,JR SOLUÇÕES JAN/26,JR SOLUÇÕES JAN/26,ALTA,PRODUTOS linha 147,NCM 84368000,ORIGEM
JR-018,DRONE MIX 600L XT 1.5 PICKUP Agitacao Hid + Rotacao TRIFASICO 380V,IMPORTAR,JR-018,DRONE MIX 600L XT 1.5 PICKUP Agitacao Hid + Rotacao TRIFASICO 380V,,Sem pendencia,JR SOLUÇÕES JAN/26,JR SOLUÇÕES JAN/26,ALTA,PRODUTOS linha 148,NCM 84368000,ORIGEM
JR-019,DRONE MIX 320L GT Agitacao por MotoBomba a Gasolina INOX,IMPORTAR,JR-019,DRONE MIX 320L GT Agitacao por MotoBomba a Gasolina INOX,,Sem pendencia,JR SOLUÇÕES JAN/26,JR SOLUÇÕES JAN/26,ALTA,PRODUTOS linha 149,NCM 84368000,ORIGEM
JR-020,DRONE MIX 600L GT Agitacao por MotoBomba a Gasolina INOX,IMPORTAR,JR-020,DRONE MIX 600L GT Agitacao por MotoBomba a Gasolina INOX,,Sem pendencia,JR SOLUÇÕES JAN/26,JR SOLUÇÕES JAN/26,ALTA,PRODUTOS linha 150,NCM 84368000,ORIGEM
JR-021,DRONE MIX 1.200L GT Agitacao por MotoBomba a Gasolina INOX,IMPORTAR,JR-021,DRONE MIX 1.200L GT Agitacao por MotoBomba a Gasolina INOX,,Sem pendencia,JR SOLUÇÕES JAN/26,JR SOLUÇÕES JAN/26,ALTA,PRODUTOS linha 151,NCM 84368000,ORIGEM
JR-022,DRONE MIX 320L DTE Agitacao por MotoBomba a Diesel INOX com Partida,IMPORTAR,JR-022,DRONE MIX 320L DTE Agitacao por MotoBomba a Diesel INOX com Partida,,Sem pendencia,JR SOLUÇÕES JAN/26,JR SOLUÇÕES JAN/26,ALTA,PRODUTOS linha 152,NCM 84368000,ORIGEM
JR-023,DRONE MIX 600L DTE Agitacao por MotoBomba a Diesel INOX com Partida,IMPORTAR,JR-023,DRONE MIX 600L DTE Agitacao por MotoBomba a Diesel INOX com Partida,,Sem pendencia,JR SOLUÇÕES JAN/26,JR SOLUÇÕES JAN/26,ALTA,PRODUTOS linha 153,NCM 84368000,ORIGEM
JR-024,DRONE MIX 1.200L DTE Agitacao por MotoBomba a Diesel INOX com Partida,IMPORTAR,JR-024,DRONE MIX 1.200L DTE Agitacao por MotoBomba a Diesel INOX com Partida,,Sem pendencia,JR SOLUÇÕES JAN/26,JR SOLUÇÕES JAN/26,ALTA,PRODUTOS linha 154,NCM 84368000,ORIGEM
JR-025,DRONE MIX 1.200 XP 2.0 Agitacao Hidraulica 220Volts,IMPORTAR,JR-025,DRONE MIX 1.200 XP 2.0 Agitacao Hidraulica 220Volts,,Sem pendencia,JR SOLUÇÕES JAN/26,JR SOLUÇÕES JAN/26,ALTA,PRODUTOS linha 155,NCM 84368000,ORIGEM
JR-026,DRONE MIX 1.200 XP 2.0 Agitacao Hidraulica 220Volts TRIFASICO 380V,IMPORTAR,JR-026,DRONE MIX 1.200 XP 2.0 Agitacao Hidraulica 220Volts TRIFASICO 380V,,Sem pendencia,JR SOLUÇÕES JAN/26,JR SOLUÇÕES JAN/26,ALTA,PRODUTOS linha 156,NCM 84368000,ORIGEM
JR-027,INCORPORADOR DE DEFENSIVOS JET DRONE 20,IMPORTAR,JR-027,INCORPORADOR DE DEFENSIVOS JET DRONE 20,,Sem pendencia,JR SOLUÇÕES JAN/26,JR SOLUÇÕES JAN/26,ALTA,PRODUTOS linha 157,NCM 84368000,ORIGEM
JR-028,TANQUE DE AGUA LIMPA 270L com 8lts de Potavel PickUp,IMPORTAR,JR-028,TANQUE DE AGUA LIMPA 270L com 8lts de Potavel PickUp,,Sem pendencia,JR SOLUÇÕES JAN/26,JR SOLUÇÕES JAN/26,ALTA,PRODUTOS linha 158,NCM 84369000,ORIGEM
JR-029,TANQUE DE AGUA LIMPA 410L com 8lts de Potavel PickUp,IMPORTAR,JR-029,TANQUE DE AGUA LIMPA 410L com 8lts de Potavel PickUp,,Sem pendencia,JR SOLUÇÕES JAN/26,JR SOLUÇÕES JAN/26,ALTA,PRODUTOS linha 159,NCM 84369000,ORIGEM
JR-030,BICO DE ABASTECIMENTO TIPO POSTO DE GASOLINA,IMPORTAR,JR-030,BICO DE ABASTECIMENTO TIPO POSTO DE GASOLINA,,Sem pendencia,JR SOLUÇÕES JAN/26,JR SOLUÇÕES JAN/26,ALTA,PRODUTOS linha 160,NCM 84818099,ORIGEM
JR-031,BICO DE ABASTECIMENTO TIPO POSTO DE GASOLINA COM FLUXOMETRO,IMPORTAR,JR-031,BICO DE ABASTECIMENTO TIPO POSTO DE GASOLINA COM FLUXOMETRO,,Sem pendencia,JR SOLUÇÕES JAN/26,JR SOLUÇÕES JAN/26,ALTA,PRODUTOS linha 161,NCM 84818099,ORIGEM
JR-032,MEDIDOR DE FLUXO DIGITAL,IMPORTAR,JR-032,MEDIDOR DE FLUXO DIGITAL,,Sem pendencia,JR SOLUÇÕES JAN/26,JR SOLUÇÕES JAN/26,ALTA,PRODUTOS linha 162,NCM 90282010,ORIGEM
JR-033,SISTEMA DE AQUECIMENTO PARA OS AGUA LIMPA DE 270 OU 410L,IMPORTAR,JR-033,SISTEMA DE AQUECIMENTO PARA OS AGUA LIMPA DE 270 OU 410L,,Sem pendencia,JR SOLUÇÕES JAN/26,JR SOLUÇÕES JAN/26,ALTA,PRODUTOS linha 163,NCM não informado na tabela,ORIGEM
JR-034,"BASE COM CARRETEL RETRATIL 15 METROS MANGUEIRA DE 3/4""",IMPORTAR,JR-034,"BASE COM CARRETEL RETRATIL 15 METROS MANGUEIRA DE 3/4""",,Sem pendencia,JR SOLUÇÕES JAN/26,JR SOLUÇÕES JAN/26,ALTA,PRODUTOS linha 164,NCM não informado na tabela,ORIGEM
JR-035,RACK PARA TRANSPORTE DE DRONE (SAVEIRO 1867 OU STRADA 1957),IMPORTAR,JR-035,RACK PARA TRANSPORTE DE DRONE (SAVEIRO 1867 OU STRADA 1957),,Sem pendencia,JR SOLUÇÕES JAN/26,JR SOLUÇÕES JAN/26,ALTA,PRODUTOS linha 165,NCM 84329000,ORIGEM
JR-036,Estrutura de Trabalho DroneMix PickUp com uma prat (BASE OPERACIONAL),IMPORTAR,JR-036,Estrutura de Trabalho DroneMix PickUp com uma prat (BASE OPERACIONAL),,Sem pendencia,JR SOLUÇÕES JAN/26,JR SOLUÇÕES JAN/26,ALTA,PRODUTOS linha 166,NCM 84329000,ORIGEM
JR-037,Prateleira Lateral extra (PARA BASE DE OPERACAO PICK UP),IMPORTAR,JR-037,Prateleira Lateral extra (PARA BASE DE OPERACAO PICK UP),,Sem pendencia,JR SOLUÇÕES JAN/26,JR SOLUÇÕES JAN/26,ALTA,PRODUTOS linha 167,NCM 84329000,ORIGEM
JR-038,"TANQUE PRE MIX 200 CONEXOES EM 2""",IMPORTAR,JR-038,"TANQUE PRE MIX 200 CONEXOES EM 2""",,Sem pendencia,JR SOLUÇÕES JAN/26,JR SOLUÇÕES JAN/26,ALTA,PRODUTOS linha 168,NCM 84368000,ORIGEM
JR-039,"TANQUE PRE MIX 320 CONEXOES EM 2""",IMPORTAR,JR-039,"TANQUE PRE MIX 320 CONEXOES EM 2""",,Sem pendencia,JR SOLUÇÕES JAN/26,JR SOLUÇÕES JAN/26,ALTA,PRODUTOS linha 169,NCM 84368000,ORIGEM
JR-040,"TANQUE PRE MIX 600 CONEXOES EM 2""",IMPORTAR,JR-040,"TANQUE PRE MIX 600 CONEXOES EM 2""",,Sem pendencia,JR SOLUÇÕES JAN/26,JR SOLUÇÕES JAN/26,ALTA,PRODUTOS linha 170,NCM 84368000,ORIGEM
DJI-087,DISPERSOR DE SOLIDOS T100,IMPORTAR,DJI-087,DISPERSOR DE SOLIDOS T100,,REGISTRO CANONICO CRIADO NA V4,DJI SUBDEALER V16.2,DJI SUBDEALER V16.2,ALTA,"PDF DJI SUBDEALER V16.2, bloco DISPERSOR DE SOLIDOS","Nao e registro de origem: foi criado na V4 ao separar o KIT DE PULVERIZACAO T100 (DJI-046, 16.500/16.990) do DISPERSOR DE SOLIDOS T100 (12.220/12.500). Recebe a consolidacao de EXC-035.",CANONICO V4
